SMILES,LogS
S(=O)(=O)(N)c1scc(S(=O)(=O)c2ccc(OC)cc2)c1,-3.5206957455503143
Clc1c(-n2c(N)c([SH0](=O)C(F)(F)F)c(C#N)n2)c(Cl)cc(C(F)(F)F)c1,-5.4996116565586775
Clc1ncc(CN(/C(/NC)=C\[N+](=O)[O-])CC)cc1,-2.5142703034777596
O(CCc1ccc(C(C)(C)C)cc1)c1ncnc2c1cccc2,-5.860393579912566
N(N)C(=N)c1ncnc2[nH]cnc12,-2.225882342085262
O=C1N(CO)C=2C(=O)NC(=O)NC=2N1,-3.106454149775067
ClC(Cl)C(=O)N1C(C)(C)OC(c2occc2)C1,-1.7157535360035356
Fc1c(Oc2ccc(OC(C(=O)OCCCC)C)cc2)ccc(C#N)c1,-5.4920914929874165
Clc1c(S(=O)(=O)NC(=O)Nc2nc(OC)cc(OC)n2)n2c(n1)C=CC=C2,-3.613932469009517
Clc1c(NS(=O)(=O)C)cc(N2C(=O)N(C(F)F)C(C)=N2)c(Cl)c1,-3.3842168411654683
O=C1N(/N=C/c2cnccc2)CC(C)=NN1,-1.8551397860762986
ClC(Cl)(Cl)C1OC2C(O)C(C=O)OC2O1,-1.7903399378327522
Clc1ccc(CC2C(O)(Cn3ncnc3)C(C)(C)CC2)cc1,-4.045968451414206
Clc1ccc(CC2C(O)(Cn3ncnc3)C(C(C)C)CC2)cc1,-4.386057912740576
O=C(Nc1ccc(O)cc1)/C=C/C,-2.6430481869345313
O=C(NC(=O)C(C#N)(CC)CC)N,-1.2525668989584584
Clc1ccc(C(NC(=O)C2(CC)C(Cl)(Cl)C2C)C)cc1,-5.4416279521284885
S(=O)(=O)(N)c1scc(S(=O)(=O)c2ccc(C)cc2)c1,-3.7222431407328402
S(=O)(=O)(N)c1occ(S(=O)(=O)c2ccc(OC)cc2)c1,-3.1578501708094424
S(=O)(=O)(N)c1scc(S(=O)(=O)c2ccc(O)cc2)c1,-2.953985660153318
S(=O)(=O)(N)c1scc(S(=O)(=O)c2cc(O)ccc2)c1,-2.786884842228022
S(=O)(=O)(N)c1occ(S(=O)(=O)c2ccc(O)cc2)c1,-2.692698897396537
ClCCN(N=O)C(=O)NCC(OC)N1C(=O)C(F)=CNC1=O,-1.9038739608941593
ClCCN(N=O)C(=O)NCCC(SCC(=O)O)N1C(=O)NC(=O)C(F)=C1,-2.4327489577652264
Clc1ccc(C2(O)C(n3ncnc3)CCCCC2)cc1,-3.187295092119479
Clc1c(OC(F)F)n(C)nc1-c1c(F)cc(Cl)c(OCC(=O)O)c1,-4.310237517823089
FC1(F)Oc2c(-c3c(C#N)c[nH]c3)cccc2O1,-4.809654406070406
O(c1ccc(C2(C)C(=O)N(Nc3ccccc3)C(=O)O2)cc1)c1ccccc1,-4.656318850571932
O=C(OC)/C(=C/OC)/c1c(Oc2ncnc(Oc3c(C#N)cccc3)c2)cccc1,-5.268790318158285
Clc1cc(C2(CC3(CC)C(=O)c4c(C3=O)cccc4)OC2)ccc1,-5.479940884925372
O=C(NC)/C(=N/OC)/c1c(Oc2ccccc2)cccc1,-4.411597300111736
O=C(NCCCCCCCCCCCCCCCCCC)c1cnccc1,-5.646400559486434
S(C(=O)c1c2snnc2ccc1)C,-4.219330705448812
Clc1ncc(CN(/C(=N/C#N)/C)C)cc1,-1.7983588038271054
S(=O)(=O)(N)c1sc(SCCCCO)cc1,-2.570645702386036
S(=O)(=O)(N)c1sc(S(=O)(=O)CCCCO)cc1,-1.9303233381953473
S(=O)(=O)(N)c1ccc(SCCCCO)cc1,-2.890076526818146
S(=O)(=O)(N)c1ccc(S(=O)(=O)CCCCO)cc1,-2.2821278671706633
S(=O)(=O)(N)c1ccc(CCCO)cc1,-2.197407602305475
S(=O)(=O)(N)c1ccc(CCCOC(=O)C)cc1,-2.7329164136889568
S(=O)(=O)(N)c1ccc(CCCCO)cc1,-2.5341913892576473
S(=O)(=O)(N)c1ccc(CCCCCO)cc1,-2.8399795214683743
S(=O)(=O)(NC(=O)Nc1nc(OCC(F)(F)F)nc(N(C)C)n1)c1c(C(=O)O)cccc1C,-3.0176926587355783
Clc1c(N2C(n3ncnc3)=Nc3c(C2=O)cc(F)cc3)ccc(Cl)c1,-5.335013090608365
S(=O)(=O)(NC(=O)Nc1nc(OC)cc(OC)n1)Nc1c(C(=O)C2CC2)cccc1,-4.502192578520442
O=C(OCC)/C(/NC=O)=C/c1cc2OCOc2cc1,-3.748558751668677
O=C(OCC)/C(/NC=O)=C/c1ccc(OC)cc1,-3.300186560055963
O=[N+]([O-])c1cc(/C=C(\NC=O)/C(=O)OCC)ccc1,-3.3961284454873715
Clc1ccc(S(=O)(=O)CC(=O)OC(C)C)cc1,-3.4451540468815756
Clc1cc(/C=C(\NC=O)/C(=O)OCC)ccc1,-3.5994608284499985
Clc1ncc(CN2/C(=N/[N+](=O)[O-])/NCC2)cc1,-2.6191495908819946
S(=O)(=O)(C)c1c(C(=O)c2c(C3CC3)onc2)ccc(C(F)(F)F)c1,-5.237724662935996
S(=O)(=O)(NC(=O)Nc1nc(OC)cc(OC)n1)c1c(S(=O)(=O)CC)nc2n1C=CC=C2,-2.984571088248461
FC(F)(F)c1sc(OCC(=O)N(C(C)C)c2ccc(F)cc2)nn1,-3.851002896733546
S(=O)(=O)(c1ccc(C)cc1)C1(C(=O)OC)CC1,-3.8149583124630095
S(=O)(=O)(c1ccc(C)cc1)C1(C(=O)OC(C)C)CC1,-4.49078633556222
Clc1ccc(S(=O)(=O)C2(C(=O)OC)CC2)cc1,-4.126603782647016
Clc1ccc(S(=O)(=O)C2(C(=O)OC(C)C)CC2)cc1,-4.780964556396118
Brc1ccc(S(=O)(=O)C2(C(=O)OC)CC2)cc1,-4.376711893773446
S(=O)(=O)(c1ccc([N+](=O)[O-])cc1)C1(C(=O)OC)CC1,-3.8877490199801983
S(=O)(=O)(c1ccc([N+](=O)[O-])cc1)C1(C(=O)OC(C)C)CC1,-4.4982820830179895
Fc1c(N2c3nc(N4CC5C(N)C5C4)c(F)cc3C(=O)C(C(=O)O)=C2)ccc(F)c1,-5.012953037343971
O=C(OC(C)C)NNc1c(OC)ccc(-c2ccccc2)c1,-4.2945621105428735
Clc1cc(Cl)cc(C(C)(C)N2C(=O)C(c3ccccc3)=C(C)OC2)c1,-4.541960424552178
Fc1c(c(F)ccc1)C=1OCC(c2c(OCC)cc(C(C)(C)C)cc2)N=1,-5.943103889259733
Clc1c(N)c(Cl)c(OCC(=O)OC(COCCCC)C)nc1F,-4.055208710736696
Clc1c(Cl)cccc1Oc1ccc(Cl)cc1,-6.359876796430843
Clc1c(Oc2ccc(Cl)cc2)c(Cl)ccc1,-6.075114905644632
Clc1c(N2C(=O)N(C(=O)N(CC)C3CCCCC3)N=N2)cccc1,-4.224584740140588
S(=O)(=O)(c1ccc([N+](=O)[O-])cc1)C1(C(=O)OC(C)C)CCCCC1,-4.425896265202073
Brc1ccc(S(=O)(=O)C2(C(=O)OC)CCC2)cc1,-4.345800960994242
Brc1ccc(S(=O)(=O)C2(C(=O)OC)CCCC2)cc1,-4.347755425340694
Brc1ccc(S(=O)(=O)C2(C(=O)OC)CCCCC2)cc1,-4.313567510387181
Clc1ccc(S(=O)(=O)C2(C(=O)OC)CCC2)cc1,-4.109032274676095
S(=O)(=O)(c1ccc(C)cc1)C1(C(=O)OC(C)C)CCC1,-4.442796917550569
S(=O)(=O)(c1ccc(C)cc1)C1(C(=O)OCC)CCC1,-4.2326804450866335
S(=O)(=O)(c1ccccc1)C1(C(=O)OC)CCCC1,-3.251967016891622
S(=O)(=O)(c1ccccc1)C1(C(=O)OC)CCCCC1,-3.2647921364650414
Clc1c(Oc2ccccc2)c(Cl)ccc1Cl,-6.004542669883108
O(N=C(c1ccccc1)c1ccccc1)C(=O)c1c(Oc2nc(OC)cc(OC)n2)cccc1Oc1nc(OC)cc(OC)n1,-6.545807996677405
Clc1c(/C=C(\NC=O)/C(=O)OCC)cccc1,-3.5657336207879853
O=C(OCC)/C(/NC=O)=C/c1cocc1,-2.3776027780723714
O=C1C(N2C(=O)c3c(C2=O)cccc3)CCC(=O)N1,-2.6551084746993636
Clc1c(NC(=O)c2c(O)ccc(Cl)c2)ccc([N+](=O)[O-])c1,-5.346939122634877
S(C)c1[nH]cnc-2ncnc1-2,-2.16836443707761
Oc1cc2c(CCN)c[nH]c2cc1,-2.035773472666066
O=C(Nc1ccc(OC)cc1)C,-1.813217576912994
ClCCN(CCCl)C,-0.9899684432325091
O=C(OCC)N,0.022435731911602197
O=C(O[C@]1(C#C)[C@]2(C)C(C3C(C4C(=CC(=O)CC4)CC3)CC2)CC1)C,-5.946784324893226
Clc1ccc(C2(O)CCN(CCCC(=O)c3ccc(F)cc3)CC2)cc1,-4.412997244444868
SC[C@H](N)C(=O)O,-1.091269339595559
O=C1[C@]2(C)C(C3C([C@]4(C)C(C[C@H](O)CC4)CC3)CC2)CC1,-4.63785530569708
c12c3c(ccc1cc1c4c(ccc1c2)cccc4)cccc3,-7.641044431178676
IC=1C(=O)NC(=O)N(C2OC(CO)C(O)C2)C=1,-1.7305970979800405
S=P(OC)(OC)Oc1cc(C)c(SC)cc1,-5.006226201674977
N(=Nc1ccc(N(C)C)cc1)c1cc(C)ccc1,-6.078710994697338
S=C1NC(=O)C=C(C)N1,-2.1147116553791854
c12c3c(ccc1cc1c(c2)cccc1)cccc3,-6.85050649445061
ClC=1C(=O)Oc2c(C=1C)ccc(OP(=S)(OCC)OCC)c2,-5.955888532919772
O=C(O)[C@@H](N)CCC(=O)N,-0.7779465997880299
O=C(O)[C@@H](N)CCC(=O)O,-0.647260843147702
O=C(O)CCCC[C@@H]1SC[C@@H]2NC(=O)N[C@H]12,-2.458221217139718
O=C(N(CC)CC)c1cnccc1,-0.8226545963316461
Clc1c(C)cc(O)cc1,-1.7397439362830978
O=C(O)c1cnccc1,-0.8064436013201766
O=C(O)CN(CC(=O)O)CCN(CC(=O)O)CC(=O)O,-0.10747158151718539
N(=Nc1ccccc1)c1ccc(N(C)C)cc1,-5.5658626315806625
O=C1N=C(N)N(C)C1,-0.7051246866472989
O(CC)CC,-0.07364729694678962
O=C1N(N(C)C(C)=C1)c1ccccc1,-1.8993307354683382
P(=O)(OC[C@@H]1[C@@H](O)[C@@H](O)[C@H](n2c3ncnc(N)c3nc2)O1)(O)O,-1.001573018166298
Nc1ccccc1,0.029053413181929777
OCC,1.347640638148091
O=CN(C)C,1.1394633536374923
O=C1NC=Nc2nc[nH]c12,-2.308655650233094
O=C(N[C@@H]1C(=O)N2[C@@H](C(=O)O)C(C)(C)S[C@H]12)[C@H](N)c1ccccc1,-2.6340583386641625
Fc1c([N+](=O)[O-])cc([N+](=O)[O-])cc1,-2.8084475445536983
Clc1c(S(=O)(=O)N)cc2C(=O)NC(CC)Nc2c1,-2.3888838557968364
O=C(O)[C@@H](N)CCCNC(=N)N,-0.8210967959363284
BrC,-1.1026153909535599
C=C,-1.3809282936310179
O1CC1,1.5111385203893652
C(C)(C)C,-3.0345636722700826
FC(F)C,-0.07000812063145201
N(C)(C)C,1.7604542175857647
NC(C)(C)C,0.33240471587686127
ClC(F)(F)C,-0.37375034230916615
ClC(Cl)(Cl)F,-1.431268709372791
ClC(F)(F)F,-0.25090881768207174
ClC(Cl)(Cl)C(=O)O,0.5193692270218015
O(CC)c1c2OC3C(O)C=CC4C53c2c(cc1)CC4N(C)CC5,-3.041338295630358
OC(c1cc(C)c(N)cc1)(c1ccc(N)cc1)c1ccc(N)cc1,-3.2875995302504477
O=C1C(CC)(c2ccccc2)CCC(=O)N1,-2.2819150748486225
O=[N+]([O-])C(CO)(CO)C,0.6089063867142515
S(P(SCCCC)(SCCCC)=O)CCCC,-5.073685447995116
P(=O)(OCCOCCCC)(OCCOCCCC)OCCOCCCC,-1.9378339703418441
ClC(CC)C,-2.170027997117568
O=C(O)C1C(C)(C)OC(=O)C1,-0.5136467194579919
Clc1ccc(C2S(=O)(=O)CCC(=O)N2C)cc1,-2.1086955310505497
S(=O)(=O)(O)c1c2c(cc(N)cc2)ccc1,-1.4659514750092513
O=C(CC(c1ccccc1)C=1C(=O)Oc2c(C=1O)cccc2)C,-3.8649690453619217
Clc1c(Cl)c(Cl)c([N+](=O)[O-])c(Cl)c1Cl,-5.913312572471632
O=C1N(N(C)C(C)=C1N)c1ccccc1,-1.8119543367131197
O(C)c1c(OC)cc2c(OCC3Oc4c(C(=O)C23)ccc2O[C@@H](C(=C)C)Cc42)c1,-4.332957823110995
P(=O)(OC1C(O)C(n2c3ncnc(N)c3nc2)OC1CO)(O)O,-1.2408529084910782
O=C(Oc1ccccc1)c1c(C(=O)Oc2ccccc2)cccc1,-5.2704480026624285
O=C(OCCCCCCCCCC)c1c(C(=O)OCCCCCCCCCC)cccc1,-6.776826230811277
O=[N+]([O-])c1c(O)c(C(=O)O)ccc1,-2.1556959984592137
Clc1ccc(C(=O)c2c(C(=O)O)cccc2)cc1,-3.9129696921753485
O=C(NCCN(CC)CC)c1c2c(nc(OCCCC)c1)cccc2,-4.576042449293587
O=[N+]([O-])c1c2c(ccc1)cccc2,-3.676355924151481
Ic1c(I)c(I)[nH]c1I,-5.8268372197752605
Clc1c(O)c(C)ccc1,-1.5443873973359241
Oc1c(O)cccc1O,-1.191965708607145
ClC(Cl)=C(Cl)C(Cl)=C(Cl)Cl,-4.521897297694002
O=C([C@@H](O)[C@H](O)[C@@H](O)CO)CO,0.18992453921224106
Clc1c([N+](=O)[O-])cccc1,-2.4738785734682405
Oc1c(CC)cccc1,-1.3431119088940948
N12[C@@H]([C@@H]3CN4[C@H]([C@H](C1)C3)CCCC4)CCCC2,-0.9784647969472473
n1c2nccnc2cnc1,-0.7162900326371731
Cc1cc2c(cc1)cccc2,-4.157800527601674
Nc1nc(N)nc(-c2ccccc2)n1,-2.380510890844131
c1(-c2ccccc2)ccccc1,-3.911270095515735
Nc1cc2nc3c(cc2cc1)ccc(N)c3,-3.6671905452687463
S1c2c(Nc3c1cccc3)cccc2,-4.782797723569889
O=C(CC)c1ccccc1,-2.2858911152172596
ClCC(=O)N(CC=C)CC=C,-1.1856096845317061
O=C(OCCC)c1ccc(O)cc1,-2.451333244901043
Oc1c(CCc2ccccc2)ccc(O)c1,-2.9237190288388493
Clc1c(N)cccc1,-1.370017945895444
Oc1c(N)cccc1,-0.8635777032717531
Oc1cc(C)c(C)cc1,-1.597933897119858
Oc1c(C)ccc(C)c1,-1.385376465944125
O=C(CC)CC,-0.13788909985552822
ClCC(=O)OC,0.1476452280389462
S=C1NCCN1,-1.1533468562455782
Clc1cc(Cc2c(O)ccc(Cl)c2)c(O)cc1,-3.587757544514545
O=C(O)C(CC(=O)O)=C,-0.7094434666050493
FC(F)(F)c1ccccc1,-3.133139495122893
Oc1ccc(C(C)(C)C)cc1,-3.4568149616754416
O=C(O)c1ccc(C(C)(C)C)cc1,-4.297408089523406
O=C(N)c1cnccc1,-0.438617824498297
O=C(O)c1cc(C)ccc1,-2.1625880672520257
O=C(O)c1cc(N)ccc1,-1.634852108282111
O=C(O)c1cc(O)ccc1,-1.32136341722972
O=[N+]([O-])c1cc(N)c(OC)cc1,-2.303363816260919
O=[N+]([O-])c1cc(C=O)ccc1,-2.146776967736387
O=C(O)c1ccc(C)cc1,-2.494782979129294
O=C(O)c1ccc(O)cc1,-1.6490496224540705
O=C(O)c1ncc(C(=O)O)cc1,-2.0231995648905343
C(=C)c1ccncc1,-0.7513139710531962
OCc1ccccc1,-0.47171419546514803
C(=C)c1cc(C)ccc1,-3.0413693054027067
Nc1ccc(Cc2ccc(N)cc2)cc1,-2.7952504219586287
C(c1ccccc1)c1ccccc1,-3.885336263840305
C(C)c1cc(CC)cc(CC)c1,-4.58860395316018
N(CCC)(CCC)CCC,-2.1713118016927893
O=C(OCC(CCCC)CC)C=C,-3.8384199798031
C(Cc1ccccc1)C,-3.5262457113958905
Oc1ccc(CCCCCCCCC)cc1,-5.095830211908237
O(C)c1ccc(/C=C\C)cc1,-3.5319920507050955
Oc1c(C)cc(C)cc1,-1.460344647033748
O=C(OCC)CCCCCCC,-3.3583069686194102
O=C(OCCC)CC,-1.0848321025584333
Brc1ccc(Cl)cc1,-3.7011729470362527
Clc1ccc(Cl)cc1,-3.348290028746124
Clc1ccc(O)cc1,-1.4656099105273008
O=C1C=CC(=O)C=C1,-2.1914924392672326
ClCC1OC1,-0.612197734492923
C(#C)CC,-0.9916414041297685
O=CC=C,-0.133663414498554
ClCCCl,-1.3928122829345984
NCCC,0.8886667602811982
O=COC,0.7194051079744725
O=C(O)CNC,0.7323221470415056
O=C(OC(=O)C)C,0.14205302361924543
Nc1cc(N)ccc1,-0.29808780345386543
O=C(OCC)CC(C)C,-1.7136717683811282
Cc1cc(C)cc(C)c1,-2.948575140357713
Oc1cc(C)cc(C)c1,-1.019717195027828
Cc1nc(C)cc(C)c1,-0.9574950096293375
NC1CCCCC1,-1.2157648928378475
Sc1ccccc1,-1.221481136346942
CN1CCOCC1,1.3454632951431194
N(CCCN)(C)C,1.3970283031158601
N#CCCC,-0.18730966782385305
OCCC#N,1.2297753006525314
O(CCO)C,1.6371755530941563
o1cccc1,1.1563378924934846
O=C(CCCCC)C,-1.3956784998718217
O=C(O)/C=C/C=C/C,-2.01787567660631
S(SCC)CC,-2.6321278987308148
n1ccccc1,1.489827560291892
O=C(OCCOCC)C,-0.09415918417364422
O=C(O)CCCCCCCCC(=O)O,-2.150263380120577
ClCCOCCCl,-1.2270965817749713
O(CCO)CCO,1.5425567077604558
OCCCCCCCC,-2.447754439716188
O(CCOCC)CCO,0.7844305767932522
O=C(OCCOCCCC)C,-1.0261464674497403
O(CCO)CCCCCC,-1.2534325612349613
O(CCOCCO)CCOCC,0.5027385881857951
O(CCOCCO)CCOCCO,0.9305447070747088
C(=C)(C)C,-2.33066929177198
ClC1(Cl)C2(Cl)C(Cl)=C(Cl)C1(Cl)C1C2CO[SH0](=O)OC1,-5.08806092561849
P(=O)(OCCCCCCCC)(Oc1ccccc1)Oc1ccccc1,-5.256167055881919
P(=O)(OC)(Oc1ccccc1)Oc1ccccc1,-3.127700152559936
Clc1c(Cl)cc(S(=O)(=O)c2ccc(Cl)cc2)c(Cl)c1,-6.068020653136109
O=C(O)C(c1ccccc1)c1ccccc1,-2.28934772557813
O=[N+]([O-])c1c(Nc2ccc(O)cc2)ccc([N+](=O)[O-])c1,-4.093523471478055
O=C(OC)c1c(O)cccc1,-1.7035208662912975
O=C(O)c1c(NC)cccc1,-1.8503349034555887
S(=O)(=O)(O)c1cc2c(c(N)ccc2)cc1,-2.0213045740232607
Clc1c(OC(C(=O)O)C)ccc(Cl)c1,-2.5113497378342626
Oc1c(O)cccc1,-0.8780756531749694
Clc1cc([N+](=O)[O-])ccc1,-2.9384371970885375
S=P(SC(C(=O)OCC)CC(=O)OCC)(OC)OC,-2.8497981456870263
N(c1ccccc1)c1ccccc1,-3.5337798456856406
O(CC1OC1)c1ccccc1,-3.0161588174696328
OCCCc1ccccc1,-1.7862337217039834
O=CC(CCCC)CC,-2.316103414146388
O=C1NNC(=O)C=C1,-0.9813744928494896
OC(CNCCN)C,1.0554666936495853
O=C(OCCCC)C,-0.9511792003323547
O=C(OCCC(C)C)C,-1.5704574108747622
O=C(OCCOCCOCCCC)C,-1.0371561770242914
FC12[C@@H](O)CC3(C)C(O)(C(=O)CO)[C@H](O)CC3C1CCC=1C2(C)C=CC(=O)C=1,-3.677754954512375
BrC(CBr)COP(=O)(OCC(Br)CBr)OCC(Br)CBr,-3.830452230970323
S(=O)(=O)(Nc1nc(C)ccn1)c1ccc(N)cc1,-2.6572662491609047
O=C(O)CC[C@@H](C)C1[C@]2(C)C(C3[C@@H](O)CC4[C@@](C)(C3CC2)CC[C@@H](O)C4)CC1,-3.955786680159298
O(C)c1c(OC)ccc2[C@@H]([C@@H]3N(C)CCc4c3c(OC)c3OCOc3c4)OC(=O)c12,-3.5936194360280793
O=C(OCCC)c1c(C(=O)OCCC)cccc1,-3.898835503222711
O=C(O)c1c2c(nc(-c3ccccc3)c1)cccc2,-3.71110234142592
O=C(O)CCCc1c2c([nH]c1)cccc2,-2.637749367603111
Clc1c(N)cc(Cl)cc1C(=O)O,-2.4707680811295765
Ic1c(O)c(C(=O)O)cc(I)c1,-3.1336487408685834
Oc1cc2c(cc1)cccc2,-2.5474865190542704
O(c1c(CO)cccc1)C1C(O)C(O)C(O)C(CO)O1,-0.9398119970454257
O=C(O)CN(CC(=O)O)CC(=O)O,0.39147918088893663
O=Cc1cc(O)c(O)cc1,-1.6001795269077272
O=C(O)CCC1CCCC1,-2.712070898033733
O=C(OCCCC)C=C,-1.810569995191759
P(=O)(O/C(=C/C(=O)N(C)C)/C)(OC)OC,-0.043422496183125325
O=C(O)CC(=O)O,0.027007421044252578
C(C)c1cc(CC)ccc1,-3.8204685205162483
ClCCCCl,-1.688093863608525
S=C(NNC(=S)N)N,-2.088874998537735
O1CCCCC1,0.3402432029217439
C(CCC)CCC,-4.6892450921351205
OCC1C(O)C(O)C(n2c3nc[n+]([O-])c(N)c3nc2)O1,-1.279198222018667
S=C1Sc2c(N1)cccc2,-3.377756820106133
O=C(O)c1cc(O)c(O)c(O)c1,-1.9537321257131173
O=C(Nc1ccc(OCC)cc1)N,-2.4474294573019777
Cl/C=C/Cl,-1.2464419792916788
c12c3c4c5c6c1c1ccc6ccc5ccc4ccc3ccc2cc1,-10.6343526027992
c12c3cc4c5c(ccc4c1-c1c(-c2ccc3)cccc1)cccc5,-8.947199022363751
S1c2c3c(ccc2Nc2c1c1c(cc2)cccc1)cccc3,-7.180571638842062
n1c2c(c3c(c1)cccc3)cccc2,-3.8633746860770986
n1ncc2c(c1)cccc2,-1.4889236449323568
n1c2c(cc3c1cccc3)cccc2,-3.79131842053658
[nH]1ncc2c1ncnc2,-0.6759946940568589
S=P(OC)(OC)Oc1ccc([N+](=O)[O-])cc1,-4.047190823998311
C(=C/c1ccccc1)\CN1CCN(C(c2ccccc2)c2ccccc2)CC1,-3.8347792366782123
O(C)c1c2occc2cc2c1OC(=O)C=C2,-4.5250933280415495
Clc1c(Cl)cc(OP(=S)(OC)OC)c(Cl)c1,-5.606504626773966
O=C(O)C(O)Cc1ccc(O)cc1,-1.1226927496651504
ClC1(Cl)C2(Cl)C(Cl)=C(Cl)C1(Cl)C1C2C2C=CC1C2,-7.357608583541811
Fc1c2c(ccc1)cccc2,-3.7164990863542293
O=C(O)C(N)CC(C)C,-1.3894882964737822
FCC,-0.49704101900732667
BrC1=C(O)C(=O)C(Br)=CC(Br)=C1,-3.1438656448107176
O=C1C(C)C2C(O)C3=C(C)C(=O)CC3C(C)CC2O1,-2.807855290543711
Ic1c(NC(=O)C)c(I)c(CNC(=O)C)c(I)c1C(=O)O,-1.8686951694675882
Nc1nc(C)nc(C)c1,-0.6538155909010952
Fc1ccccc1,-1.3957675468812598
Nc1cnccc1,0.8917588589285801
O=C1[C@@]2(C)C(C)(C)[C@@H](C1)CC2,-1.7325155909905676
N=C(NC)N,0.919650941406875
Nc1c2c(N)cccc2ccc1,-2.6706446146948255
O=[N+]([O-])C1C(=O)NC(=O)NC1=O,-1.4079680317139869
O=C1C2(C)C(C3C(C4(C)C(C[C@@H](O)CC4)CC3)CC2)CC1,-3.6983576514094123
O=C1NC(=O)c2nccnc2N1,-2.860239152357642
O(C)c1c(OC)ccc(C2OCC3C(c4cc(OC)c(OC5C(O)C(O)C(O)C(CO)O5)cc4)OCC23)c1,-2.672515907567652
O=C(O)c1c(C(=O)O)ccnc1,-1.5223927860047004
Oc1c2c(O)cc(C)cc2cc2c1c(O)ccc2,-3.846329495547593
[C@H]1(c2cnccc2)NCCCC1,-0.12399019347035045
O=C(O)CNC(=O)c1ccccc1,-1.7299053515636134
O=C1NC2NC(=O)NC2N1,-1.9884462928243134
O=C1C2CC(C1)CC2,-2.1811583836693527
O=C(O)c1nc(C(=O)O)cc(O)c1,-1.4648923117532948
O=C(O)c1cc(C(=O)O)cnc1,-1.9832063594184894
O=C(O)CC(C)C,-0.8307651859684191
ClCCSCCCl,-2.823719057709543
ClC(C)(C)C,-2.112547499687928
O=C(OCC(=O)C1(O)C2(C)C(C3C(C4(C)C(=CC(=O)CC4)CC3)C(O)C2)CC1)CC(C)(C)C,-4.398785628986956
C(=CC)(C)C,-2.491758693957758
SC(CC)C,-1.439632991589239
O=C(O)C(O)(C)c1ccccc1,-0.9487543014184465
O=C(O)C(N)C(C)C,-0.6998542004552455
O=C(N(C)C)C(=O)N(N(C(=O)C)C)c1ccccc1,-1.0899060847193953
O=C1C(OC2C(O)C(O)C(O)C(C)O2)=C(c2cc(O)c(O)cc2)Oc2c1c(O)cc(O)c2,-3.1730642832445772
O(CC(O)CNC(C)C)c1c2c(ccc1)cccc2,-2.4442700837695326
S(=O)(=O)(Nc1n(-c2ccccc2)ncc1)c1ccc(N)cc1,-3.416340027550432
Oc1c(C)c(C)ccc1,-1.430592369916941
O=C(O)[C@H](O)[C@@H](O)[C@H](O)[C@H](O)CO,-0.4510742215575618
C(C)(C)c1c(C)cccc1,-3.6429390100641452
O=C(O)C(=O)c1c(C(=O)O)cccc1,-1.4270251362734516
O=C1c2c(NC=C1)cccc2,-2.2540195649744366
O=C(C)c1ccc(OC2C(O)C(O)C(O)C(CO)O2)cc1,-1.5959304046912308
O=C1C(O)=CC=CC=C1,-0.8894610053391887
Cc1occc1,0.04097735612904119
O=[N+]([O-])c1c(O)c(C)cc([N+](=O)[O-])c1,-2.310531121264721
C(C)(C)c1cc(C)ccc1,-3.7644374524880346
C(#C)c1ccccc1,-2.406947374608395
O=C(OC1CC2N(C)C(C1)CC2)c1ccccc1,-2.518319730920799
O=C(NN)Nc1ccccc1,-1.5141794397749246
C(CCc1ccccc1)CC,-4.817927943900402
O=C(OC(CCC)C)N,-1.3006781364126396
O=C(O)C(N)CCCC(=O)O,-0.9763388975225085
ClCOCCl,-0.644311454736854
ClCCCCCC,-4.013513427823249
O=[N+]([O-])c1c(O)ccc2c1cccc2,-3.158020398138702
O=C1c2c(O)cc(O)cc2OC(c2cc(O)c(O)cc2)C1,-2.919865118010466
O=[N+]([O-])c1cc(N)c(OCCC)cc1,-3.5061041787764715
O=C(O)c1cc(C(=O)O)cc(C(=O)O)c1,-2.214504203773347
O=C(O)/C=C\C(=O)Nc1ccccc1,-2.032407639333513
O=C(O)CNC(=O)CNC(=O)CN,-0.9435518408743655
OCC1OC1,0.9742584323912404
CC1(C)OC1,-0.24267183874158027
C(CC)(CC)(C)C,-3.6571394620040114
S=P(SCSP(=S)(OCC)OCC)(OCC)OCC,-4.437901421110871
C(=C)(CC)C,-2.5045313090903116
C(C(C)C)(CC)C,-3.9507937803925604
O(C)c1c(O)c(OC)cc(C2c3c(c(O)c4OCOc4c3)CC3C2C(=O)OC3)c1,-3.6266119405784965
S(=O)(=O)(O)c1ccc(N=Nc2c(O)ccc3c2cccc3)cc1,-4.33282386089445
O=C(OCOC)c1c(O)cccc1,-1.986521206156929
Oc1cc2c(nccc2)cc1,-1.4130525898394128
Cc1c(C)cccn1,-0.31493309519825363
Clc1c(O)cc(Cl)cc1,-2.091730313091838
OC(CC)CC,-0.07798056989287971
O=C(OC(C)(C)C)C(=C)C,-2.086402964769857
OCc1cc(C)ccc1,-1.138202989105279
O=C(OCCCC)CC,-1.6954535597683495
C(CCC)(C)(C)C,-4.579656948358509
OC(CCC)(C)C,-0.15426852689364745
C(=C)CCCCC,-3.699104105592635
O=C(O)C(N)(CC)C,-0.32218872909044993
ClCC(O)(CCl)C,-0.18467586096991395
O=C(OC)N,0.6058268225432717
O=[N+]([O-])c1c2c(cc3c1cccc3)cccc2,-5.299346238006898
O=[N+]([O-])c1c2c3c(cc1)CCc3ccc2,-5.577377637235164
O=[N+]([O-])c1c(O)c([N+](=O)[O-])cc([N+](=O)[O-])c1C,-1.8882817903713
O=[N+]([O-])c1c(C(=O)O)c(C(=O)O)ccc1,-1.6452353551714947
O=C1N(C)C=2NC(=O)NC=2C(=O)N1,-3.26104909373327
O=[N+]([O-])c1c2NC(=O)NC(=O)c2cc([N+](=O)[O-])c1,-3.864812103271973
C(C)c1c(C)cccc1,-3.238817633025036
O(CC)c1ccc(N2C(=O)CCC2=O)cc1,-3.09267608357645
O=[N+]([O-])c1c(CC)cccc1,-2.5724514014298787
O=C(NC(=O)c1ccccc1)c1ccccc1,-3.9322927626559654
O=C1NCCC1,-0.5896552620889683
O=C(O)C(N)CC(=O)O,-1.1574453688940585
O=C(OC)/C(=C/C(=O)OC)/C,-0.7979377839743578
O=C(O)/C=C/c1c(OC2C(O)C(O)C(O)C(CO)O2)cccc1,-1.9875874200558616
O=C(O)c1ccc(C#N)cc1,-2.5281570099656583
O=NN(CCC)CCC,-0.9708477523187973
O=Cc1ccc(C=O)cc1,-1.8719186842659956
OC(CCC)CC,-0.8654873829785601
O=C(OCCCCC)CC,-2.3587460292841427
C(=C/C)\C,-1.892517986409007
OC(CCCC)(C)C,-0.6717193930641272
Clc1cc(F)ccc1,-2.473172676803063
Oc1nccc(O)c1,-0.4926496435404153
O=C(O)/C=C/CC,-1.2767171790958756
ClCCCO,0.35517803155454963
O=[N+]([O-])CCCCC,-1.3753819183906613
O(CCCC)C,-0.45377801257141126
C(CCCCCCCCCCCCC)CCCCCCCCCCCC,-8.593632256988677
Clc1c(N)c(Cl)cc(Cl)c1,-3.1960847631288147
O=C(O)[C@H](O)CC(=O)O,-0.5129615014146904
O=C1C=CC(=NO)C=C1,-2.2707634384423128
O=C(O)CCCCCCCCCCCC,-4.287300078845014
O=C1N=C(N)N=C(N)N1,-1.8023963414705895
BrC(Cl)C(Br)Cl,-2.4630959043900775
C(=C)CC(C)C,-3.2754907690601405
O=C(CCCCCCCC)C,-3.16213640682716
[I+2]([O-])([O-])c1ccccc1,-1.2470767982944475
O=C1NC=Nc2nccnc12,-1.8308208780610378
S=C(Nc1cc([N+](=O)[O-])ccc1)N,-2.5978577609578974
O=C(O)c1c2c(cc3c1cccc3)cccc2,-3.9605407720370875
N1C2C(CCC1)CCCC2,-1.681769436859016
c12-c3c(cccc3)CCc1cccc2,-4.62032061775059
Cc1c2c(c(C)c3c1cccc3)cccc2,-6.140051066319048
P(=O)(CCCC)(CCCC)CCCC,-3.0091923905069162
ClC(Cl)(Cl)P(=O)(OCC)OCC,-1.451688677106032
O=C1N(C)CCC1,0.08593956752218235
Clc1ccc(CO)cc1,-1.9280554466551183
O=C1NC=Nc2n(C)cnc12,-1.4792948168414095
O(CC)c1nc(OCC)nc(OCC)n1,-3.664968678759055
S(P(=O)(OC)OC)CCSCC,-1.3715839720409002
O=[N+](OCCCC)[O-],-1.8168931815503742
Cc1[nH]c2ncncc2n1,-1.4329192126664971
Clc1c(Cl)c(Cl)c(OC)c(OC)c1Cl,-5.133022092471931
O=C1N(C)C(=O)C=2NC(=O)NC=2N1C,-2.349178143556326
O=C(OCCCCCCCC)c1cc(O)c(O)c(O)c1,-4.0637529149164955
[Si](O)(O)(C)C,2.724878245008065
O=C(OC)CCCC(=O)OC,-0.5311054171412954
N(C)(C)c1ccncc1,-0.06463761976310867
Clc1cc(C)c(O)c(C)c1,-2.00834464354479
C(C)c1c2c(ccc1)cccc2,-4.320118079981774
OCC(CC)(C)C,-0.665723082347929
O=C(O)C(O)C(N)C(=O)O,-1.214299664773456
O=Cc1c(O)ccc(O)c1,-1.6010560915673504
N(CCCc1ccccc1)(C)C,-2.022845008946063
O=C(OCCCCCCCC)c1ccc(O)cc1,-4.459134040730832
O=C(O)c1c(C)c2C(=O)c3c(O)c([C@@H]4[C@H](O)[C@@H](O)[C@H](O)[C@@H](CO)O4)c(O)c(O)c3C(=O)c2cc1O,-2.9625169055124627
O=[N+]([O-])c1c(O)c(C(C)(C)C)cc([N+](=O)[O-])c1,-3.7288666975389813
O=C(NCCCCCC(=O)O)N,-1.0470243352740365
Clc1cc(C)c(O)cc1,-1.8908146032929802
FC(F)(F)c1cc([N+](=O)[O-])c(N(CCC)CCC)c([N+](=O)[O-])c1,-6.1162285105125545
O=C(NC(NC(=O)N)C)N,-0.6810411264832292
O=[N+](OCC(CO[N+](=O)[O-])(CO[N+](=O)[O-])CO)[O-],-2.86096656001227
C(C)C1CCCCC1,-4.239428171549631
Ic1c(O)c(I)cc(C#N)c1,-2.9950082921417307
Clc1c(C(=O)O)nc(Cl)cc1,-1.927660349513535
Brc1cc(C=O)c(O)cc1,-2.848686233176212
O=C(O)CCCCCCCCCC(=O)O,-2.456249403641685
Clc1nc(NC(C)C)nc(NCC)n1,-3.046794448754114
Clc1c(C(=S)N)c(Cl)ccc1,-3.0772890018953434
Clc1c(OCC(=O)OCCOCCCC)ccc(Cl)c1,-4.117673751615472
Clc1c(Cl)ccc(COC(=O)NC)c1,-3.144574136504213
O=C1C2(C)C(C)(C)C(C(=O)N1)CC2,-1.7858555330487962
ClC(Cl)(Cl)C(O)NC(=O)N,-0.8690785104676906
S=C1NC(=O)NC=2NC(=O)NC1=2,-4.107699964288549
O=C(Oc1cc(C)c(N(C)C)cc1)NC,-2.064949033300926
O=C(OCC)CCCCCC(=O)OCC,-2.2602479267133972
S(=O)(=O)(O)c1ccc(N=Nc2c(O)cc(O)cc2)cc1,-3.1729959964616796
Clc1cc(-c2cc(Cl)ccc2)ccc1,-5.762024837055312
Clc1c(Cl)c(Cl)c(c(Cl)c1Cl)-c1c(Cl)c(Cl)c(Cl)c(Cl)c1Cl,-9.956929959280242
Clc1cc(-c2ccccc2)ccc1,-4.8250718120446825
Clc1ccc(-c2ccccc2)cc1,-5.09412265063341
Oc1c(N=Nc2ccccc2)ccc(O)c1,-3.913466109667847
S=P(OCC)(Oc1ccc([N+](=O)[O-])cc1)c1ccccc1,-5.703312043914415
Brc1ccc(C(=O)c2c(C(=O)O)cccc2)cc1,-4.103258712050955
O=C1N=C(NCC)N=C(NC(C)C)N1,-2.2561184369344343
Clc1cc(NC(=O)OC(CC)C)ccc1,-3.9349900252966887
O=C1NC(N)=Nc2nccnc12,-2.5397667586351496
N#Cc1cc(N)ccc1,-0.9768895005119522
S=C=NCCc1ccccc1,-3.531672290989386
O=[N+]([O-])c1ccc(Oc2cc(C)ccc2)cc1,-5.250713514107414
[SH0](=O)(OCC#C)OC1C(Oc2ccc(C(C)(C)C)cc2)CCCC1,-5.641694124732464
O=C(OCCC)c1ccccc1,-2.9238161057472327
O=C(OCC)C(NC(=O)C)Cc1ccccc1,-2.198052866705245
OCC(CCC)(C)C,-1.4365066842666772
O=C(OCC)C(NC(=O)C)Cc1c2c([nH]c1)cccc2,-2.5351872191338156
S=C1Oc2c(N1)cccc2,-3.230904396107861
OC(CN(CC(O)CC)CC(O)CC)CC,-0.07097823687797034
Cc1nc2nccnc2cn1,-1.2816053637576725
O=C(O)CCCCCCCCCCN,-2.39243522549363
P(=O)(O)(O)CN(CP(=O)(O)O)CC(=O)O,1.0992250730382986
Clc1ccc(Oc2ccc(Cl)cc2)cc1,-6.109442136080652
Clc1c(C(=O)O)cc([N+](=O)[O-])cc1,-2.415640654188526
ONC(=N)C(NO)=N,-0.026494685802424645
N=C(Nc1sc2c(n1)cccc2)N,-2.9316101182501946
S=P(SCC(=O)N(C(=O)OCC)C)(OCC)OCC,-2.4322149531644555
O=C(NC=1C(=O)N(N(C)C=1C)c1ccccc1)N,-2.2720490383201435
Clc1c(Cl)cc(OC)c(OC)c1,-3.464353731110111
ClC(F)C(F)(F)F,-1.6321308212282841
CC1(C)OCCO1,0.8329656362307709
Clc1c(O)c(Cl)c(C)nc1C,-1.8735311271443775
O=[N+]([O-])c1ccc(N=Nc2c(C)cc(N(CCO)CCO)cc2)cc1,-5.380790304102552
Clc1c(N=Nc2ccc(N(CCO)CC)cc2)ccc([N+](=O)[O-])c1,-6.643518940658487
BrCC(CBr)(CBr)CBr,-5.8079344459564926
Cc1c2c(ncc1)c1nccc(C)c1cc2,-4.0845181030206374
O=C1C(C(C)C2C(=O)CC(C)(C)CC2=O)C(=O)CC(C)(C)C1,-1.8581472770079677
O=C(OCC(CCCC)CC)c1c(C(=O)OCC(CCCC)CC)ccc(C(=O)OCC(CCCC)CC)c1,-7.032811575128088
N=C(NC)NC,0.5663975379418478
S(=O)(=O)(NC(=O)OC)c1ccc(N)cc1,-2.1659950293352725
O=C(NCCNC(=O)CC)CC,-0.4845936311029755
Clc1c(Cl)c(Cl)c2nccnc2c1Cl,-5.250795249338951
O=C1C(CC)(C(=O)NC(=O)N1)C1=CC2CC(C1)CC2,-3.3376620331482485
O=C(O)CCCCCCCCCCO,-2.3802525304776707
O=C1C2(C)C(CO)(C)C(C1)CC2,-1.3720148446672138
[SH0](=O)(C)c1c(C)cc(OP(=S)(OC)OC)cc1,-3.655592041721964
O=C(Oc1c(C(CC)C)cccc1)NC,-2.8720921645307396
O=C(O)CNC(=O)CNC(=O)CNC(=O)CNC(=O)CNC(=O)CN,-1.3876106057952924
OC/C=C\C,0.11143521479339791
O=[N+]([O-])c1ccc(OC(=O)C(C)C)cc1,-3.6375886818687615
ICCCCCCC,-5.549757396213835
Clc1ccc(N=Nc2ccccc2)cc1,-6.235070231492832
O=C(O)C(=O)CC(=O)CC,-0.7018817825807073
O=C(O)C(N)CC1CCC(O)CC1,-1.7354589080144085
S(=O)(=O)(Nc1nc(C)c(C)cn1)c1ccc(N)cc1,-2.85381428658759
O=C1c2c(NCCO)ccc(NCCO)c2C(=O)c2c1cccc2,-4.860257262411842
S=C(SCC)NCC(=O)O,-1.3623830135246286
O=C(C(O)C(OC1C(O)C(O)C(O)C(CO)O1)C(O)CO)CO,-0.2700432181793482
O=[N+]([O-])c1c(OCC)c([N+](=O)[O-])cc([N+](=O)[O-])c1,-3.2937952174819127
OCc1c2c(ccc1)cccc2,-2.39408644690838
Fc1c(-c2ccccc2)ccc(C(C(=O)O)C)c1,-3.3172488549230583
BrCCC=C,-2.0053812844154524
O=C(Nc1ccccc1)C=1S(=O)(=O)CCOC=1C,-2.4602136113340314
OCC1OCOC2C1OCOC2,0.2909195160106086
Nc1nc(N)nc(C(C)C)n1,-1.339968758368868
O=[N+]([O-])c1oc(/C=N/N(C(=O)N)CC(O)C)cc1,-1.9608724685359094
N=C(NC(=N)N)Nc1cc2c(cc1)cccc2,-3.164402241929854
P(=O)(O)(O)c1cc(N)ccc1,0.06903891517368566
Ic1c(N)cc([N+](=O)[O-])cc1,-3.1641561222630052
O=[N+]([O-])c1c2c3c4c(cc2)cccc4ccc3cc1,-7.311636302258621
O=CCN1C(=O)N(C)c2ncn(C)c2C1=O,-1.3710999584573413
O=C(O)CN1C(=O)N(C)c2ncn(C)c2C1=O,-1.3621425082586682
S(=O)(=O)(Nc1sc(C(=O)O)cn1)c1ccc(N)cc1,-3.2287165424221564
ONc1[nH]cnc-2ncnc1-2,-1.8223553407774062
O=C(O)/C(=C\C)/Cc1ccccc1,-2.511693799418934
O=[N+]([O-])N1CN([N+](=O)[O-])CC1,-3.666431230190465
O=C(OCCC)CCC(=O)N(CC)CC,-1.3249939760925311
Clc1nc(NC(C)(C)C)nc(NCC)n1,-4.00341181495052
O=C(O)CC(CC(=O)C)c1ccccc1,-1.979797504107036
Clc1cc(C)c(/N=C/N(C)C)cc1,-2.7320197579610386
O=[N+]([O-])c1oc(/C=N/O)cc1,-2.5695559537019843
Oc1ccc(N=Nc2ccc(N=Nc3ccccc3)cc2)cc1,-6.809800521200673
O=C(O)C1(N)C2(C)C(C)(C)C(C1)CC2,-2.070567742915518
O=C(OCC=C)C(OC(=O)C(O)C)C,-0.6059427696334745
OC1(c2ccccc2)c2c(N(C)c3c1cccc3)cccc2,-4.038611236036169
O=C(N(C)C)c1c(C(=O)N(C)C)cccc1,-0.4614536819905326
O=C(O)Cc1c(C)cc(C)cc1,-2.003997269312748
O=C(OC(COC(=O)c1ccccc1)C1C(OC(=O)c2ccccc2)C2OC(C)(C)OC2O1)c1ccccc1,-4.228283194083909
S=C(SCc1ccccc1)N(CC(=O)O)c1ccccc1,-4.051660670510197
OCc1[nH]c2ncncc2n1,-1.0778621502742287
Clc1c(N=Nc2ccc(N(CCO)CCC#N)cc2)ccc([N+](=O)[O-])c1,-6.413309180252535
O=[N+]([O-])c1c(C(=O)OCC(C)C)c(C(=O)O)ccc1,-2.9144734652131947
Clc1c(Oc2ccc(Cl)cc2)cccc1,-5.619520635977588
OCC(N(C)C)(C)C,1.162550292360152
O=NN(CCCC)C,-0.30411296957928036
Clc1c(C)cc(O)c([N+](=O)[O-])c1,-2.857555354486491
O=C1C(c2c(O)cc3c(n2)cccc3)C(=O)c2c1cccc2,-4.054907099898276
O=C(OCN1C(=O)C2=C(C1=O)CCCC2)[C@@H]1[C@@H](C=C(C)C)C1(C)C,-5.3737396611265105
OC(C#N)C(C)C,0.08645295878480797
Cl/C=C\CCl,-1.5647893467593375
BrC(Br)(C#N)C(=O)N,-1.063144585899055
C(CN1CCOCC1)(C)C,-0.24030882880490623
O(CC(O)CO)CCCCCCCC,-1.9989148655504534
Clc1cc(C)c(OCCCC(=O)OCC)cc1,-4.0376036469279075
SC(=O)CCCCC(S)=O,-1.2423189199602447
ClC(Cl)(CCl)CCl,-2.6566070793263763
O=C(O)C1=C(C)CCCC1,-1.929099594652885
Brc1c(O)c(Br)cc(/C=N/Oc2c([N+](=O)[O-])cc([N+](=O)[O-])cc2)c1,-5.675075263335069
O=NN(CC(=O)O)C,-0.08967497524088186
Brc1c(Cl)cc(NC(=O)N(OC)C)cc1,-3.465992744467116
O=COCc1occc1,-1.2378292271940565
O=C(OCCCC)C(OC(=O)C(O)C)C,-0.9258455872821254
Clc1nc2nccnc2cn1,-1.9717131585302292
O=C(N(C)C)Nc1ccc(Oc2ccc(OC)cc2)cc1,-3.855066417302071
Brc1c(C)cc(O)cc1,-2.0069998639645728
S(=O)(=O)(O)c1c2C(=O)c3c(C(=O)c2ccc1)cc(S(=O)(=O)O)cc3,-2.196215651940136
O=C(O)C=1C(=O)c2c(N(CC)C=1)cc1OCOc1c2,-4.04147627786623
O=C(OCC)C(C(=O)OCC)Cc1c(C(=O)O)cccc1,-2.427211836493776
S=P(O/N=C(\C#N)/c1ccccc1)(OCC)OCC,-5.037132303458067
O=C(Nc1ccccc1)C(O)(CC(=O)O)CC(=O)O,-1.4250222313984058
Clc1c(Nc2c(CC(=O)O)cccc2)c(Cl)ccc1,-3.8896038613527475
Ic1c(C(=O)Nc2ccccc2)cccc1,-4.618161554190371
P(=O)(OCC)(OCC)CCCCCC,-1.7804954122937233
O=NN(C(=O)CCC)C,-0.6436885173731746
O=C(N/N=C/c1cc(OC)c(O)cc1)N,-2.3813288470340157
O=C(N/N=C/c1cc(OCC)c(O)cc1)N,-2.6111252104524665
O=C1c2ncccc2NC=C1,-1.5673290144728
O=C(O)C(C(C(=O)O)c1ccccc1)CC,-1.5777795036053812
ClCC(=O)NC(=O)C,-0.6615737789565288
O=[N+]([O-])c1ccc(NC(=O)NN=C(C)C)cc1,-3.1104463478671907
O=C1C(C)=C(C)Oc2c1cccc2,-3.3718197217341874
Clc1c(Cl)c([N+](=O)[O-])ccc1Cl,-4.446706107378397
O=[N+]([O-])c1c(O)c([N+](=O)[O-])cc(N)c1,-2.020058372877245
Clc1ccc(-c2c(CC(=O)O)sc(-c3ccccc3)n2)cc1,-4.4335449071564526
Clc1c(Cl)c(Cl)c(c(Cl)c1Cl)-c1ccccc1,-7.61581670834055
O/N=C/1\C(=N\O)\CCC(C)C\1,-1.639665347220422
Cc1c2c(C)cccc2c2c(c1)cc1c(c2)cccc1,-7.229926661944202
O=C(OCC)CN/C(=C/C(=O)C)/C,-0.8838762432648513
O=[N+]([O-])c1ccc(OC(=O)CC(C)C)cc1,-4.426584616864474
Clc1c(O)c(Cc2ccccc2)cc(Cl)c1,-4.1605889263312354
Nc1[nH]c2ncncc2n1,-1.8722940657207385
O=C(OCCCCC)C(OC(=O)C)C,-1.9233817190505094
O=C(N(C)c1c(C)cccc1)N,-1.081990040601776
S(C(C(=O)O)CC)C(C(=O)O)CC,-0.9860155133047377
O=C(O)C1C(C2OC(c3ccccc3)OC2)OC(c2ccccc2)O1,-2.2566093053097753
Brc1c(Cl)cc(OP(=S)(OC)c2ccccc2)c(Cl)c1,-6.920861727089427
Clc1nc(NC(C#N)(C)C)nc(NCC)n1,-3.130021805252857
O=C1N=C(N)c2nccnc2N1,-2.5628611397031733
O=C(O)C(c1c(C(=O)O)cccc1)c1c(C(=O)O)cccc1,-2.0083173549451234
S(=O)(=O)(N)c1cc(S(=O)(=O)N)cc(S(=O)(=O)N)c1,-1.7972584465367243
O=C1NC(=O)C=2N=CNC(=O)C=2N1,-3.6154225701755185
O=C(Oc1c(C)c(C)nc(N(C)C)n1)N(C)C,-1.2535797107652205
O(CC(CO)(CO)CC)CC(CO)(CO)CC,-1.1413699029086841
S=P(OCC)(OCC)Oc1nc(N(CC)CC)nc(C)c1,-4.455111518345538
N(C)(C)c1[nH]c2ncncc2n1,-1.3624214003586095
Cc1c(C)nc2c(n1)nc(C)nc2,-1.8340018278666639
O=C(Nc1ccccc1)c1c(C)occ1,-3.770758615050981
O=C(O)CC(CCC(=O)O)CCCC,-2.116933228112085
Clc1cc(Cl)cc(Oc2ccccc2)c1,-5.632044144712588
Clc1c(Oc2ccccc2)cc(Cl)cc1,-5.526113717830992
O=S1(=O)N(C(C)C)C(=O)c2c(N1)cccc2,-2.4983857108016556
O=C(OCC)/C(/NC=O)=C/c1ccccc1,-2.99309221462926
C(C)c1cc(C)ccc1,-3.186868169158907
S=C(SCC(=O)O)OCc1ccccc1,-2.8353359549476074
O=C(O)C(N)(C(=O)O)C,0.05242812259198226
Cl/C(=C\Cl)/C,-1.6285687449995643
O=C1N(C)C(=O)c2nc(C)n(C)c2N1C,-1.2087425830011729
O=[N+](OCC(O)CO)[O-],-0.37076321990164995
C(=C\CCCCCCCC)\CCCCCCCCCCCCC,-8.196492518021667
S=C1N(C)N(c2ccccc2)C(C)=C1,-2.4755344626697755
Brc1c(O)ccc(C(=O)OC)c1,-2.463668132615501
Clc1c(Cl)cc2Oc3c(Oc2c1)cccc3,-7.277289747838148
O(C)c1ncnc2nccnc12,-1.4498270462254321
O=C(NCC(C)C)N1C(=O)NCC1,-1.4406448894237633
O=C(OC)Nc1[nH]c2c(n1)cc(C(=O)c1ccccc1)cc2,-4.849993876453051
Cc1c2c3c4c(c1)cccc4ccc3c1c(c2)cccc1,-8.46623601699906
O=C(O)C=1c2c(NC(=O)C=1)ccc(OC)c2,-3.1704595602929144
O=C1SC=C(C)N1,-1.0698116216702147
O=C(O)C(O)C(N)C(=O)N,-1.2088369832765744
Clc1c(c(Cl)ccc1)-c1ccccc1,-5.024575891722513
O=[N+]([O-])c1c(CNc2ccccc2)cccc1,-3.459743589859749
Clc1c2Oc3c(c(Cl)cc(Cl)c3)Oc2cc(Cl)c1,-8.404574227149702
Clc1c(-c2c(Cl)cc(Cl)cc2Cl)c(Cl)cc(Cl)c1,-7.873666556022135
S(=O)(=O)(CC(=O)OC)c1ccccc1,-1.9754022116162493
O=C(OC(OC)C(OC(=O)C)C(OC(=O)C)C(OC(=O)C)COC(=O)C)C,-2.00945374885516
Brc1c(OC(=O)C=C)c2ncccc2c(Cl)c1,-5.185900347982691
O=C1N(Cc2ccccc2)C(=O)NC1(C)C,-2.2459456647946316
ClC1=C(OP(=O)(OC)OC)C2C=CCC12,-3.213889693080854
Clc1c(-c2ccccc2)cc(Cl)cc1,-5.458351816132733
O=C(N(C(C)C)Cc1ccccc1)C(C)(C)C,-3.242084300369806
Clc1ccc(NC(=O)NC(=O)c2c(F)cccc2F)cc1,-5.180627250441387
S=P(SCCC)(OCC)Oc1ccc(SC)cc1,-6.14906857755048
Clc1c(c(Cl)cc(Cl)c1)-c1ccccc1,-5.974626269465914
Clc1c(Cl)c(Cl)cc(c1Cl)-c1c(Cl)c(Cl)c(Cl)c(Cl)c1,-9.124629236260608
S=P(OCC)(Oc1c([N+](=O)[O-])ccc(C)c1)NC(CC)C,-4.457310535549288
Clc1c(OP(=O)(OCC)Oc2c(Cl)cc(Cl)cc2)ccc(Cl)c1,-5.750508003456336
O=C(N)c1c(O)ccc(C(O)CNC(CCc2ccccc2)C)c1,-2.654812527224631
N(C)(C)c1nc2[nH]cnc2cn1,-1.3694310451514198
S(SCC(NC(=O)C(N)CC(C)C)C(=O)O)CC(NC(=O)C(N)CC(C)C)C(=O)O,-2.677391492469316
Clc1c(Cl)c(-c2c(Cl)c(Cl)ccc2Cl)ccc1Cl,-7.919181851186508
Clc1c(Cl)ccc(-c2c(Cl)cccc2)c1,-6.110775752142824
O=[N+]([O-])c1c2c(c(O)cc1)nc(C)cc2,-2.7979756749991296
S(C/C(=N\OC(=O)NC)/C(C)(C)C)C,-2.914180863529689
Clc1c(c(Cl)cc(Cl)c1)-c1c(Cl)cc(Cl)cc1,-7.336445164676985
Clc1c(Cl)cccc1-c1c(Cl)ccc(Cl)c1,-6.737648680277591
Clc1c(Cl)ccc(-c2c(Cl)cccc2Cl)c1,-6.600044676068216
O=[N+]([O-])c1cc(OC)c(N=Nc2ccc(N(CCO)CCO)cc2)cc1,-5.30914741514837
O(CC(O)CNC(C)(C)C)c1c2c(ccc1)C[C@@H](O)[C@@H](O)C2,-1.253535056693039
O=C(NC(C)(C)c1ccccc1)Nc1ccc(C)cc1,-4.504609643386599
O=C(N(C)c1ccccc1)NC(C)(C)c1ccccc1,-3.576247826842276
Clc1cc(Cl)cc(N2C(=O)C(C=C)(C)OC2=O)c1,-4.235734156900035
O=C(OC(C)C)C(C(=O)OC(C)C)=C1SCCS1,-4.524354577338615
O=C1NCCCCCCCCCCCCCC1,-1.8018454120624892
O=C(NCCNC(=O)CCCCC)CCCCC,-2.425814438226163
O=C(O)C(OC(=O)C)c1ccccc1,-1.3545158016379917
O=C(O)C(NCCC#N)C,0.09851373643263939
ClCC(=O)N(CCOCCC)c1c(CC)cccc1CC,-3.73757776693588
Clc1ccc(Oc2ccc(OC(C(=O)OCC(C)C)C)cc2)cc1,-5.820691148179552
Clc1ccc(C(C(=O)OC(C#N)c2cc(Oc3ccccc3)ccc2)C(C)C)cc1,-6.346294124439886
Clc1c2C(=O)N(C(=O)c2ccc1)C1(C(=O)N)CCCCC1,-4.103603540719469
Clc1c(Cl)c(Cl)cc(c1Cl)-c1c(Cl)c(Cl)cc(Cl)c1Cl,-9.055740276225883
Clc1c(c(Cl)c(Cl)cc1Cl)-c1c(Cl)c(Cl)ccc1,-7.942202983908059
Clc1c(Cl)c(Cl)c(c(Cl)c1Cl)-c1c(Cl)ccc(Cl)c1,-8.708984954235515
Ic1cc2C(=O)OCc2cc1,-3.8089052049006153
O=C(OC(C#C)/C(=C/CC)/C)C1C(C)(C)C1C=C(C)C,-6.230932026335747
O=C(OC(COC(=O)C)C1C(OC(=O)C)C(OC(=O)C)C(OC(=O)C)O1)C,-1.9742974803158737
FC(F)(F)c1cc([N+](=O)[O-])c(N(CC(=C)C)CC)c([N+](=O)[O-])c1,-5.7389465157851784
S(N(CCCC)CCCC)N(C(=O)Oc1c2OC(C)(C)Cc2ccc1)C,-5.371588170479118
O=C(Nc1cc(OC(C)C)ccc1)c1c(C)cccc1,-5.031768069827924
Clc1c(Cl)c(Cl)cc(Cl)c1-c1c(Cl)cc(Cl)cc1,-7.979646598539489
S(=O)(=O)(C(C)(C)C)CSP(=S)(OCC)OCC,-2.4735114830473672
Brc1ccc(-c2ccc(C3CC(C=4C(=O)Oc5c(C=4O)cccc5)c4c(cccc4)C3)cc2)cc1,-6.184290717374608
FC=1C(=O)NC(=O)N(C(=O)NC)C=1,-1.7942526529820677
Clc1c(OP(=S)(OC)OC)c(Cl)cc(C)c1,-4.912041362586691
S(C)C=1N(/N=C/C(C)C)C(=O)C(C(C)(C)C)=NN=1,-4.051649311140958
Clc1c(Cl)c2oc3c(c2cc1Cl)cc(Cl)c(Cl)c3,-9.316705463563178
O=C(OC)C(N(C(=O)COC)c1c(C)cccc1C)C,-1.8831068795618107
N(=Nc1ccc(C)cc1)c1c(N)ccc(C)c1,-6.042827138973163
O=C1C(CC)(CC)C(N)=NC(=O)N1,-1.675632570269416
O=C(O)/C(=C(/C)\c1ccccc1)/CC(=O)O,-1.8684079210500457
O=C1C(=O)NC=2N=CNC(=O)C=2N1,-3.1869522219629034
ClCCN(N=O)C(=O)NCC1C(O)C(O)C(O)C(OC)O1,-1.3067636247057386
Clc1c(Cl)c(-c2c(Cl)cc(Cl)cc2Cl)ccc1Cl,-7.873113994520754
O=C(OC)C1CN(C)C(=O)C1,-0.49575192644987354
Ic1c(NC(=O)C(O)C)c(I)c(C(=O)NC(CO)CO)c(I)c1C(=O)NC(CO)CO,-1.6067418475739466
Clc1c(Cl)cccc1-c1c(Cl)cc(Cl)cc1Cl,-7.1928188668263715
Clc1c(Cl)ccc(Oc2c(Cl)cccc2)c1,-6.1427266547609936
S(=O)(=O)(O)c1c(N)c2c(c(S(=O)(=O)O)c1)ccc(S(=O)(=O)O)c2,-0.9590808820290968
Clc1c(C(=O)NC(=O)Nc2ccc(OC(F)(F)F)cc2)cccc1,-4.728412197271806
O=C(N)COC(=O)c1ccccc1,-1.8754041173942166
O=C(NCC)COC(=O)c1ccccc1,-1.9891531850663928
O=C(N(CC)CC)COC(=O)c1ccccc1,-2.147705759381018
O=C(O)/C(=C\C(=O)OCC)/C,-0.5685610439792779
FC(F)(F)c1c(C(=O)Nc2cc(OC(C)C)ccc2)cccc1,-4.8157038577438485
Clc1cc2oc(Oc3ccc(OC(C(=O)OCC)C)cc3)nc2cc1,-5.824065533680901
O=C(NC(CC)(CC)CC)N,-1.2021798706325661
Clc1c(OCCN(C(=O)n2cncc2)CCC)c(Cl)cc(Cl)c1,-4.0656994146477325
Clc1c(Cl)cc(Cl)cc1-c1c(Cl)cc(Cl)cc1,-7.507417511877639
Clc1c(c(Cl)c(Cl)cc1Cl)-c1ccc(Cl)cc1,-7.6456080251286505
Clc1c(Cl)c(Cl)cc(Cl)c1-c1c(Cl)ccc(Cl)c1,-7.9999362599451365
Clc1c(Oc2c(Cl)cccc2)ccc(Cl)c1,-5.985858465996598
Clc1c(NC(C(=O)OC(C#N)c2cc(Oc3ccccc3)ccc2)C(C)C)ccc(C(F)(F)F)c1,-6.481532768498262
Clc1c(N[N+](=O)[O-])ccc(Cl)c1,-3.268088116205147
Clc1c(Oc2ccc(OC(C(=O)O)C)cc2)ncc(C(F)(F)F)c1,-4.293724650838275
Clc1c(Cl)cc(-c2c(Cl)ccc(Cl)c2)cc1Cl,-7.557830653696035
Clc1cc([N+](=O)[O-])c(N=NC2=C(O)N(CC)C(=O)C(C#N)=C2C)cc1,-5.514330526608477
O=C(OC)[C@H](N(C(=O)COC)c1c(C)cccc1C)C,-2.324636715943067
S(=O)(=O)(Nc1scc(C)n1)c1ccc(NC(=O)C)cc1,-3.613032336922909
Clc1c(C(=O)c2c(OCC(=O)c3ccccc3)n(C)nc2C)ccc(Cl)c1,-5.508663115330364
Clc1c(Oc2cc(C(=O)NS(=O)(=O)C)c([N+](=O)[O-])cc2)ccc(C(F)(F)F)c1,-5.118487322544284
Clc1cc2[n+]([O-])nc(-n3cncc3)nc2cc1,-3.1447790294947713
O(/N=C\1/C2(C)C(C)(C)C(C/1)CC2)CC#C,-3.7891119609874666
Clc1c(c(Cl)c(Cl)cc1Cl)-c1cc(Cl)c(Cl)cc1,-8.016286439871651
Clc1c(c(Cl)ccc1Cl)-c1cc(Cl)c(Cl)c(Cl)c1,-7.884067560086422
Clc1c(Cl)c(Cl)c(c(Cl)c1Cl)-c1c(Cl)cc(Cl)cc1Cl,-9.02511489448721
BrC(C(=O)NC(C)(C)c1ccccc1)C(C)(C)C,-4.81569093156506
O(NC(=O)c1occc1)C(=O)c1occc1,-2.496289368586244
Ic1c(Oc2cc(I)c(O)c(I)c2)c(I)cc(CC(N)C(=O)OCC)c1,-5.561227747796154
O=C(O)C(O)(CN)C,0.30692943712979837
S(COC(=O)c1c(OC(=O)C)cccc1)C,-3.0913369836808524
Clc1cc2ncc(Oc3ccc(OC(C(=O)O)C)cc3)nc2cc1,-4.033493122072875
S(=O)(=O)(/N=C(\N)/CCSCc1nc(N=C(N)N)sc1)N,-2.6757832603916003
O=C(OC)/C=C/C(=C/C(=O)O)/C,-1.7495566033612722
O=C(N(N1C(=O)OCC1)c1c(C)cccc1C)COC,-2.482460609570305
O=C(OC)c1c(C2=NC(=O)C(C(C)C)(C)N2)cc(C)cc1,-3.6737704925424053
O=C(NCCCCCCCCC)c1cnccc1,-3.6204770325008337
O=C(NCCCCCCCCCC)c1cnccc1,-3.9274682949158777
O=C(NCCCCCCCCCCC)c1cnccc1,-4.207144321902037
S(N(C(C)C)CCC(=O)OCC)N(C(=O)Oc1c2OC(C)(C)Cc2ccc1)C,-4.480173942776115
Clc1c(C)c(Cl)ccc1C(=O)c1c(OCC(=O)c2ccc(C)cc2)n(C)nc1C,-6.085770777395756
S(=O)(=O)(O)c1ncsc1,0.002641443458753834
[Si](Cn1ncnc1)(C)(c1ccc(F)cc1)c1ccc(F)cc1,-4.8945296545136046
ClCC(=O)N(COC/C=C/C)c1c(CC)cccc1CC,-3.929901811282312
O(/N=C(/CC)\C=1C(=O)CC(c2c(C)cc(C)cc2C)CC=1O)CC,-4.083544722587556
Clc1ccc(C(C#N)(CCCC)Cn2ncnc2)cc1,-5.037135959347018
S=C(Oc1cc(C(C)(C)C)ccc1)N(C)c1nc(OC)ccc1,-6.013038433534312
N(\Nc1nc(C)cc(C)n1)=C(/C)\c1c(C)cccc1,-3.9198235699853736
S(=O)(=O)(N)c1cnc(O)cc1,-1.542341144063322
O=C(OC)C(O)C(O)C(=O)O,-0.19049890866334884
S(=O)(=O)(NC(=O)OCC(CC)CC)N,-2.291270853733576
O=C(O)C(CCC(C)C)C,-1.8624562644060292
Clc1c(C(=O)O)c2ncc(C)cc2cc1,-2.8493351045021345
O=C(NC)C(C(=O)NC)(CC)CC,-0.25697341518116756
S(=O)(=O)(NC(=O)OCC(CCCC)CC)N,-2.939539317039663
O=C(O)C(NC=O)C(C)(C)C,-1.2760538963862775
O=[N+]([O-])c1oc(/C=C/C=N/NC(=O)C(=O)N)cc1,-3.184568615009017
C(CC)Cc1c2c3c(ccc2cc2c1cccc2)cccc3,-7.250248704080554
S(=O)(=O)(NC(=O)Nc1nc(OC)cc(OC)n1)c1n(C)ncc1C(=O)OCC,-3.0218806100958844
Fc1ccc(C2(O)CCN(CCCC(=O)c3ccccc3)CC2)cc1,-3.7397549140896578
O=C(C)n1ncc2C(=O)NC=Nc12,-2.2284524320174914
ClCC(=O)N(Cc1c(OC)ccs1)c1c(C)cccc1C,-4.240674307411915
FC(F)(F)c1cc(C=2C(=O)C(c3ccccc3)OC=2NC)ccc1,-4.713517191715068
O(CC)c1nc(N)sn1,-1.809032693888057
O=C(N)/C(=C\C)/CCCC,-1.805021269737077
O=C(OCn1ncc2C(=O)NC=Nc12)C(C)(C)C,-3.387480897160988
O=C(OCn1ncc2C(=O)N(COC(=O)CCC)C=Nc12)CCC,-3.2679275182262484
Clc1c(C(=O)C2C(=O)CCCC2=O)ccc(S(=O)(=O)C)c1,-2.752362870421654
O=[N+]([O-])c1cc2C(=O)OC(CC)c2cc1,-3.291075431953905
O=C(OCCCCCCC)c1cnccc1,-3.523432374280987
O=C(Nc1c2c(c(OCC)cc1)nccc2)C,-3.2173839395127954
O=[N+]([O-])c1cc(C(=O)OC)c(C(=O)O)cc1,-2.17749377934069
O=C1N(C)c2nccnc2C=N1,-1.0218989773265252
O=C(N)C(CCC(C)C)CC,-2.008390342156672
O=C(O)C(CCCC(=O)O)(c1ccccc1)c1ccccc1,-2.271866733500601
S(=O)(=O)(N)c1sc(S(=O)(=O)CCCOC(=O)C)cc1,-2.2453130654387254
O=C(O)CCC(NC(=O)c1ccccc1)C,-2.140044582950236
S(=O)(=O)(N)c1sc2C(=O)CCSc2c1,-2.83054621815255
O=C(N(CCO)CCO)COC(=O)c1ccccc1,-1.2032062614554302
O=C(COC(=O)c1ccccc1)N1CCCCC1,-2.340874738419278
O=C(COC(=O)c1ccccc1)N1CCOCC1,-1.5430420302021253
S(=O)(=O)(N)c1sc2S(=O)(=O)CCC(O)c2c1,-1.8969004180047355
S(=O)(=O)(N)c1ccc(S(=O)(=O)CCO)cc1,-2.201766499116084
S(=O)(=O)(N)c1ccc(S(=O)(=O)CCC(O)(C)C)cc1,-2.1189644987683636
S(=O)(=O)(N)c1cc(F)c(S(=O)(=O)CCCO)cc1,-1.9479645039075217
S(=O)(=O)(N)c1cc(F)c(S(=O)(=O)CCCCO)cc1,-1.9992216990873737
S=C(N/N=C/c1cc(OC2C(O)C(O)C(O)C(CO)O2)c(OC)cc1)N,-2.1529588474586907
O=C1NCCCCCCCCCCCCCCCCC1,-1.9527533267303414
O=C(O)C(CCCCC(=O)O)(c1ccccc1)c1ccccc1,-2.5313978412737823
O=[N+](OCC1C(O[N+](=O)[O-])C(O[N+](=O)[O-])C(O[N+](=O)[O-])C(OCCCC)O1)[O-],-3.7118405045752723
N(c1nc(C#CC)cc(C)n1)c1ccccc1,-4.484531501270233
Clc1cc2ncc(Oc3ccc(O[C@@H](C(=O)OCCON=C(C)C)C)cc3)nc2cc1,-5.034593549716842
O=C(N(OC)C)Nc1ccc(Oc2cc3OC(OC)(C)CC(C)(C)c3cc2)cc1,-4.513868051586379
O(C(C)(C)C)C(=O)c1ccc(CO/N=C/c2c(Oc3ccccc3)n(C)nc2C)cc1,-5.906563279199085
O=C(O)c1c(C2=NC(C(C)C)(C)C(=O)N2)ncc(COC)c1,-2.4613083542235246
O=C(NCCCC)COC(=O)c1ccccc1,-2.60915349488003
O=C(NC(CO)(CO)CO)COC(=O)c1ccccc1,-1.7122124811362813
O=C(N(CC)CC)COC(=O)c1c(OC(=O)C)cccc1,-2.2701788552707485
Clc1c(OC(F)(F)C(F)OC(F)(F)F)ccc(NC(=O)NC(=O)c2c(F)cccc2F)c1,-5.642265487948448
FC(F)(F)c1c(c(CC(C)C)c(C(=O)OC)c(C(F)F)n1)C=1SCCN=1,-3.820534587652283
Clc1c(C2(Cn3ncnc3)OC(C)CO2)ccc(Oc2ccc(Cl)cc2)c1,-4.762040369513498
Clc1cc2ncc(Oc3ccc(OC(C(=O)OCC4OCCC4)C)cc3)nc2cc1,-4.977648640018456
O=C(O)c1c(-c2c(C(=O)O)cccc2)nn(-c2ccccc2)n1,-3.0624947944196705
Clc1c2c(Oc3ccc(F)cc3)ccnc2cc(Cl)c1,-6.527408952129038
S(=O)(=O)(Oc1c(OCC)cccc1)NC(=O)Nc1nc(OC)cc(OC)n1,-3.924468899166885
ClC(C(=O)OCC)Cc1c(Cl)cc(F)c(N2C(=O)N(C(F)F)C(C)=N2)c1,-4.148584814962137
O=C(OC)c1c(Oc2nc(OC)cc(OC)n2)cccc1/C(=N/OC)/C,-4.398850390448366
Clc1ccc(/C=C(\NC=O)/C(=O)OCC)cc1,-3.8741149044090095
Clc1c(NS(=O)(=O)c2nn3C(OC)=CC(OC)=Nc3n2)c(Cl)ccc1C,-4.2693012235692684
S(=O)(=O)(NC(=O)Nc1nc(C)cc(C)n1)c1c(C(=O)OC2COC2)cccc1,-3.418437985538192
S(=O)(=O)(c1ccc(C)cc1)C1(C(=O)OCC)CC1,-4.268348081092877
S(=O)(=O)(c1ccccc1)C1(C(=O)OC)CCC1,-3.210744910462346
Brc1ccc(Oc2cc(C(OC(=O)C(C(C)C)c3ccc(OC(F)F)cc3)C#N)ccc2)cc1,-6.663577497655475
Brc1c(C(F)(F)F)n(C)nc1-c1c(F)cc(Cl)c(C(=O)OC(C)C)c1,-4.803385339925004
ClCCN(CCCl)P1(=O)OCCCN1,-0.768519498426675
O=C(OC1C(C(=O)OC)C2N(C)C(C1)CC2)c1ccccc1,-2.5351468003436994
O=C(OC)[C@@H]1[C@@H](OC)[C@H](OC(=O)c2cc(OC)c(OC)c(OC)c2)CC2C1CC1N(C2)CCc2c3c([nH]c12)cc(OC)cc3,-3.7915234114527356
O=C(O)CN,0.49380542353515056
O(C)c1cc2c([C@H](O)C3N4C[C@H](C=C)[C@H](C3)CC4)ccnc2cc1,-2.8494183412594905
O=C(O)[C@@H](N)CCCCN,-0.3259877199799113
O=C(O)CCCCCCCCCCCCCCCCC,-5.705484686490736
Cc1c2c(c(C)c3c1cccc3)ccc1c2cccc1,-7.025408922273094
O=C1C=C2[C@@](C)(C3C(C4[C@@](C)([C@@H](O)CC4)CC3)CC2)CC1,-3.9461372224092726
S(CCC(N)C(=O)O)C,-1.1803044673946224
OCCc1ccccc1,-0.7992635659887786
O=C(CCc1ccc(O)cc1)c1c(OC2C(O)C(O)C(O)C(CO)O2)cc(O)cc1O,-2.2497494540383403
O=[N+]([O-])c1sc(N2C(=O)NCC2)nc1,-2.6530439909448074
ClC(Cl)=COP(=O)(OC)OC,-1.2510635451950114
S(=O)(=O)(N)c1ccc(N)cc1,-1.7204100939868234
S(=O)(=O)(OCC)OCC,-1.4246412355427744
O=C(O)C=1NC(=O)NC(=O)C=1,-2.5818713215807954
O=C(O)CN(CC(=O)O)CCN(CC(=O)O)CCN(CC(=O)O)CC(=O)O,-0.3516927974610078
O=C(N(O)CCCCCNC(=O)CCC(=O)N(O)CCCCCN)CCC(=O)NCCCCCN(O)C(=O)C,-1.1486393769519079
O=C1N=C(N)C=CN1,-0.7872206760833123
ClC(Cl)=C(c1ccc(Cl)cc1)c1ccc(Cl)cc1,-7.355842266908851
IC,-2.194006907460429
C(C)C,-2.3753890393872226
NCC,1.219188368521618
BrC(C)C,-1.47658893674816
FC(F)(F)F,0.32957845258316887
OC(CC)(C)C,0.5203518777447216
O=C(O)C(C)(C)C,-0.5800701740979655
ClC(F)(F)C(F)(F)F,-2.7386939096589056
O=S1(=O)OC(c2c(C)cc(O)c(C(C)C)c2)(c2c(C)cc(O)c(C(C)C)c2)c2c1cccc2,-4.359882531259485
ClC1(Cl)C(Cl)=C(Cl)C(Cl)=C1Cl,-5.822480966955767
O=CC(=C)C,-0.2604961253199378
O=C(N)C=1C(=O)[C@@]2(O)C(O)=C3C(=O)c4c(O)cccc4[C@](O)(C)C3[C@H](O)C2[C@H](N(C)C)C=1O,-2.1933356927774827
S(=O)(=O)(Nc1sc(C(C)C)nn1)c1ccc(N)cc1,-3.5568189314332876
O=C(O)CCC(C)C1C2(C)C(O)CC3C4(C)C(CC(O)C3C2CC1)CC(O)CC4,-4.090151175056107
O=C(O)c1c(C(c2ccc(O)cc2)c2ccc(O)cc2)cccc1,-3.4885279050931692
O=C(CO)[C@]1(O)[C@]2(C)C(C3C([C@@H](O)C2)[C@]2(C)C([C@@H](C)C3)=CC(=O)C=C2)CC1,-4.288311976679538
S(=O)(=O)(O)c1c(-c2c(S(=O)(=O)O)cc(N)c(C)c2)cc(C)c(N)c1,-1.3947307106613942
O=C(OCCCC)c1c(C(=O)OCCCC)cccc1,-4.607664452473671
O=C(O)c1c2c(ccc1)cccc2,-2.813475175265466
O=C(O)C(NC(=O)C)Cc1c2c([nH]c1)cccc2,-2.185528672491067
Clc1c(Cl)cccc1Cl,-3.84011422319675
ClN1C(=O)N(Cl)C(=O)N(Cl)C1=O,-2.1926261565442875
O=C(O)c1occc1,-0.6899248060655787
OC(c1ccccc1)c1ccccc1,-2.611960997261452
N(Cc1ccccc1)(CC1=NCCN1)c1ccccc1,-4.213909152702624
c12c(cc3c(c1)cccc3)cc1c(c2)cccc1,-7.022280525871132
Cc1nc2c(cc1)ccc(C)c2,-2.991221150249493
O/N=C(/C(=N/O)/C)\C,-0.37902396212031997
Nc1c(N)cccc1,-0.7978444282386565
BrC(CBr)CCl,-2.7159443776605614
ClCC(O)CO,0.6766844787778625
O(C)c1c(O)ccc(CC=C)c1,-2.37857991232
O=C(OCC(C)C)C(C)C,-2.2650159566678107
Oc1c(O)ccc(C(C)(C)C)c1,-3.285259500187177
O=[N+]([O-])c1ccccc1,-2.004635940055661
O=[N+]([O-])c1ccc(N)cc1,-1.834071550891649
NCc1ccccc1,-0.28613696360947527
OCc1cnccc1,0.7363263899820471
O(C)c1ccccc1,-1.2410851880069
O=NN1CCCCC1,-0.8308742097996227
O(CC)c1ccc(/N=C(\Nc2ccc(OCC)cc2)/C)cc1,-5.638655036474865
O(Cc1ccccc1)Cc1ccccc1,-3.263894876862609
S=C(Nc1ccccc1)N,-1.68163645389844
Nc1ccc(CCCCCCCCCCCC)cc1,-5.957913634263446
O=Cc1ccc(C)cc1,-2.1843351553161785
O=C(OCC)NC,0.31029154928967007
O=CC=O,0.3262147736137466
C(CCC)(C)C,-3.7596384454031386
O=C(CC(C)C)C,-1.2174580916917976
O=C(OC(CC(C)C)C)C,-2.2106252729549585
Brc1ncccc1,-0.6544054946967575
O=C(OCCCC)CCCCCCCCC(=O)OCCCC,-4.536297583135254
O(C(C)C)CCO,0.639889784435153
C(=C/C)\CC,-2.7362628903951918
O=C(O)CCC(=O)O,-0.3916033537292778
O=C(NNC(=O)N)N,-1.6500523805662186
SCCCCC,-2.6917965211816672
C1=CCCCC1,-2.749874205623238
O=C(O)COCC(=O)O,0.7172040016913228
ClCCCCCCCC,-5.427094749010392
O(CCOCC)CCOCC,-0.3070993085820213
O(C)C,1.0537348468267296
P(F)(=O)(N(C)C)N(C)C,0.1924293454132111
[SH0](=O)(C)c1ccc(OP(=S)(OCC)OCC)cc1,-4.3105525771101485
FC(F)=C(F)F,-1.7357141021199025
S(=O)(=O)(O)c1c(-c2c(S(=O)(=O)O)cc(N)cc2)ccc(N)c1,-1.2329661114850634
N(CC)c1c2c(ccc1)cccc2,-4.200089500767195
c12c(cccc1)CCCC2,-3.4528337638920346
O=C(OCC)c1ccc(O)cc1,-1.9245121068572701
O=[N+]([O-])N1CN([N+](=O)[O-])CN([N+](=O)[O-])C1,-4.441369815185233
S=P(OC)(OC)Oc1cc(C)c([N+](=O)[O-])cc1,-4.0672732748409395
O=C(CC(O)(C)C)C,0.5691143857019489
O=C(OCC)CCCCC,-2.2962540262243563
NCCCCCCCCCCCC,-4.77743675412631
O=C(/C=C/C1C(C)=CCCC1(C)C)C,-4.024237064087421
O=C1c2c(N)ccc(N)c2C(=O)c2c1cccc2,-6.170878827624627
IC=1C(=O)N(N(C)C=1C)c1ccccc1,-2.7533434973489053
O=C(Oc1c(C(=O)Oc2ccccc2)cccc1)C,-3.956154880403602
O=[N+]([O-])c1cc(N)c(OCC)cc1,-2.8624846842199143
S(=O)(=O)(O)c1cc(NN)ccc1,-0.5764145462823502
Clc1nc(NC(C)C)nc(NC(C)C)n1,-3.1505237693525605
O=C(O)CCCCCCC/C=C\CC(O)CCCCCC,-4.052391195462992
O=C(O)CCCCCCCCCCC,-3.9444703981827516
O=C(O)C(CCCC)CC,-1.7276940610183869
P(=O)(OP(=O)(N(C)C)N(C)C)(N(C)C)N(C)C,-0.334618229252436
c12c(c3c(c4c1cccc4)cccc3)cccc2,-6.743865258303059
[nH]1ncc2c1cccc2,-1.2139771631410337
ClC(Cl)(Cl)C(O)O,0.9629815817883749
Fc1cc(C)c(NC(=O)C)cc1,-2.197257776142234
Ic1ccc(F)cc1,-3.6167783174225874
P(F)(=O)(NC(C)C)NC(C)C,-0.27431225193387876
FC(F)C(=O)O,0.9181543771514789
O=C(C(=O)C)C,0.29557294037479576
O=C1C=C2C(C3C(C4[C@@](C)([C@@H](O)CC4)CC3)CC2)CC1,-4.109874434809345
N(C)c1ncnc2[nH]cnc12,-1.74193374848074
Fc1c([N+](=O)[O-])cc(C(=O)O)cc1,-2.4915913554336067
N#CNC(=N)N,0.17608752180429743
C(C)(C)(C)C,-3.7996435325142723
Cl/C=C(/OP(=O)(OCC)OCC)\c1c(Cl)cc(Cl)cc1,-4.6546567267740615
O=C(O)CCC(C)C1C2(C)C(=O)CC3C(CCC(=O)O)(C)C(C(=O)O)CC(=O)C3C2CC1,-2.8085170064437586
O=[N+]([O-])c1c(OC(=O)C=C(C)C)c(C(CC)C)cc([N+](=O)[O-])c1,-4.802538218228179
O=C1N2C([C@H](O)CC2)=Nc2c1cccc2,-2.130942986272942
O=C(OC)c1c(OC2C(O)C(O)C(O)C(COC3C(O)C(O)C(O)CO3)O2)cccc1,-1.5413212816135837
O=C1CC(=O)CC(c2ccccc2)C1,-1.949769403225657
S(=O)(=O)(OCC)c1ccccc1,-2.525503830164468
O=C(O)c1c(OC)c(OC)ccc1C=O,-1.860528174687007
Oc1c2c(cc3c1cccc3)cccc2,-4.451201545112935
Clc1c(NC(=O)C)cccc1,-1.9775930683535916
O=C(O)C(C(=O)O)CCCC,-0.8309024123715267
[I+]([O-])c1ccccc1,-1.9863518601580417
O(Cc1ccccc1)C,-1.44241773442985
O=C(N)CCC,-0.2607564768402013
S(=O)(=O)(O)CCNC(=N)N,-0.5355094576520711
O=C(OCCC(C)C)N,-1.4177276884023784
O=C(O)CCCCCCCCCCCCC,-4.628093429361826
O=C(OCC)C(C=1C(=O)Oc2c(C=1O)cccc2)C=1C(=O)Oc2c(C=1O)cccc2,-4.592483504174016
N(CCN)c1c2c(ccc1)cccc2,-3.0394393224554777
O=C(O)CCc1c(C)[cH0]=2[nH][cH0]1=CC=1C(CCC(=O)O)=C(C)C(N=1)=Cc1c(C)c(C=C)c([nH]1)C=C1C(C)=C(C=C)C(=N1)C=2,-4.973054754417178
ClCCN(CCCl)CCCl,-2.575578100454828
S=C=NC,-0.48215985360161584
ClC(C(O)C)C,0.2457875669161922
OC(C(CC)C)C,-0.6630837916605643
Clc1c(Cl)cccc1O,-1.8761033714397386
Brc1cc2c(cc1)cccc2,-4.999495448982108
OCCC(CC)C,-1.0816849044418684
Ic1ccc(Br)cc1,-4.629019022103625
C(=C\C)\C,-2.273372731255164
O=C(CCCC)C,-0.6518788837295468
ClC(Cl)(Cl)C(=O)N,-0.5430856346647523
OC(CCC)(CC)C,-0.8925805231536994
O(C(C)C)C,0.3076164831175747
OC(C(C)C)C(C)C,-1.5267908204122
BrC(C(=O)O)C(Br)C(=O)O,-0.8964861876600387
O=Cc1c(OCC)cccc1,-2.27853892668653
S(C)c1sc2c(n1)cccc2,-3.914078079364675
O=C(O)C(C(=O)O)CCCCC,-1.2832612203173421
NCc1occc1,0.6397448545517568
O=C(O)c1cc(O)cc(C(=O)O)c1,-1.745624107241385
OCc1cc(O)ccc1,-0.1326141743697491
S=C=Nc1ccc(C)cc1,-3.9285150542628946
O=C(OC)CCC,-0.5019967070472462
Clc1cc(Cl)cc(N)c1,-2.0665420216273924
O=C(O)CCC(N)C,-0.09177685025251714
C1=CCCCCC1,-2.799904025853077
[Si](CC)(CC)(CC)CC,-3.3524815054279182
Clc1c(Cl)cc(Cl)cc1Cl,-5.130978972818429
O=C(NC(=O)C)NC(=O)C,-1.012564578863559
N(C)(C)c1nc(N(C)C)nc(N(C)C)n1,-0.48731309021232727
ClC(Cl)C(=O)N,-0.5662330261225588
[O-][n+]1c(N)c2nc[nH]c2nc1,-1.6567408946849629
ClC(Cl)(SN(S(=O)(=O)N(C)C)c1ccc(C)cc1)F,-5.093137649696164
ClCCF,-0.8741583681644658
Nc1ncnc2nc(N)cnc12,-2.302377248514123
O=C(OC(OC(=O)C)C=C)C,-1.151314181989078
O=[N+]([O-])C([N+](=O)[O-])([N+](=O)[O-])CNC(=O)NCC([N+](=O)[O-])([N+](=O)[O-])[N+](=O)[O-],-0.36397919568407255
O=S1(=O)NCc2c1cccc2,-1.515808791139703
O=[N+](OCC(=O)OCC)[O-],-1.1890784703084558
P(=O)(N(C)C)(N(C)C)n1c(N)nc(-c2ccccc2)n1,-1.6000822541481503
O=C(O)C(NC(=O)C(N)CC)CC,-0.9899679209626588
S(SCCC(=O)O)CCC(=O)O,-1.4845434982672223
Oc1c(O)ccc(CC=C)c1,-2.2672500965189784
O=C1N=CNC(O)=C1,-1.154903220398808
O=CC1=CCCCC1,-2.4093068918654468
O=NN1CC(C)OC(C)C1,-0.468541014423542
O=[N+]([O-])c1c(O)ccc(OC)c1,-2.204830297265965
S(=O)(=O)(N)c1cc(C(=O)N)ccc1,-1.939470568200792
O=C(NN=C1CCCCC1)N,-1.653428267593386
Clc1c(C2=NCC(=O)Nc3c2cc([N+](=O)[O-])cc3)cccc1,-4.666867395868865
N(CC/C=C/1\c2c(OCc3c\1cccc3)cccc2)(C)C,-4.1458885968611146
O=C(Nc1ccccc1)c1cnccc1,-2.6811205155197997
OC(C(CC)C)CCC,-2.111685134239854
Clc1c(C)c(Cc2ccccc2)c(O)cc1C,-4.369561627823502
O=[N+]([O-])c1c(OCC(=O)O)cccc1,-1.880634388807814
S(=O)(=O)(N)c1cc(C)ccc1,-2.067581860898896
ClCC(=O)N(C(C)C)c1ccccc1,-2.496816534716166
FC1=C(N)NC(=O)N=C1,-1.4964055522370994
C(CC)(C)(C)c1ccccc1,-5.05698534726905
O=C(O)C(CC(C(=O)O)C)C,-0.5161261955712328
Clc1c(c(Cl)c(Cl)cc1Cl)-c1c(Cl)c(Cl)cc(Cl)c1Cl,-9.010070389185888
O=C(OCC1OCCC1)c1ccccc1,-2.692762238936792
N#CCCCCCCCC,-3.9264950450502587
ClC(Cl)=C(Cl)C(=O)O,-0.8668442400490606
Clc1cc(N=C=S)ccc1,-4.020920781106893
O(CCCC)CC1OC1,-1.5364751396747178
O=C1Nc2c(ncnc2)N=C1,-1.7560587977110012
O=C(O)CNC=O,-0.5325998923172914
Cc1c2c3c(cc4c(c3)cccc4)ccc2ccc1,-6.850456617679928
O=C(O)CCCCCCCC=O,-1.8813213042281283
O=[N+]([O-])c1ccc(N=Nc2ccc(Nc3ccccc3)cc2)cc1,-6.836310677655663
S=P(SC(C(=O)OCC)c1ccccc1)(OC)OC,-4.5392217720258365
O=C(Oc1c(C(C)C)cccc1)NC,-2.355328230101507
O=C1/C(=N\O)/c2c(cccc2)C=C1,-3.2698473169114006
CC1NCC(C)NC1,0.5625369192100775
c1(-c2sc(-c3oc4c(n3)cccc4)cc2)oc2c(n1)cccc2,-6.163479569523659
P(=O)(OCC=C)(OCC=C)c1ccccc1,-2.6203693521168496
Clc1c(Cl)cccc1OCC(=O)O,-2.430026658813565
O=C(O)CC(CCC(=O)O)C,-1.0280736431965247
CC1(C)CC(C)CCC1,-3.9310427097698057
Clc1c(Cl)ccc(N(C(=O)N(C)C)C(=O)c2ccccc2)c1,-4.64959828214114
O=C(O)c1nocc1,-0.8554339494995002
O=C1N=C(N)c2[nH]cnc2N1,-2.9483979276692085
O=C(c1c(O)cc(O)cc1O)c1ccccc1,-3.1394027510162115
O=C(OCCCCCCCCCCCC)c1cnccc1,-4.9568915470969905
NCc1ccncc1,0.6881684093762841
NC(C(C)(C)C)C,-1.0879631103096457
OC(C(C)(C)C)CC,-2.041289425687656
O=C(O)C(C(C(=O)O)(CC)CC)(CC)CC,-0.9739335837279781
O=C1c2c(Nc3ccccc3)ccc(N)c2C(=O)c2c1cccc2,-6.750803090991484
O=C(OCCC(OC)C)C,-0.3618603469023096
CC1(C)CC(C)CC1,-3.970628414191328
O=C(O)C(N)COCC,-0.6479458000560783
OC(/C=C/C)CC,-0.7380459666469115
OC(C(CC)C)(C)C,-0.732375682884624
S=P(OCC)(OCC)N1C(=O)c2c(C1=O)cccc2,-4.703611168901192
O=[N+]([O-])c1oc(/C=N/N(C(=O)N)CCCO)cc1,-2.2089783602664714
O=C1N(C)C(=O)C=2N(C)C(=O)NC=2N1C,-1.7783753231210664
O=C(OCC)C=1C(=O)C(C(=O)OCC)=C(C)OC=1C,-3.658959441864068
O=[N+]([O-])c1oc(/C=N/N(C(=O)N)CC)cc1,-2.5175266151906586
O=C(O)C(O)(CCC(O)(C(=O)O)C)C,-0.35241457439381474
O=C(NC(=O)CC)CC,-0.8281907873099263
Oc1ccc(N=Nc2c3c(c(N=Nc4ccccc4)cc2)cccc3)cc1,-7.406735374719468
O=C(NCCCCCCCCCCCCCCCCCC)C(O)C,-4.747480530633047
S(=O)(=O)(N)c1ccc(C(=O)N)cc1,-2.3670483898814907
Clc1ccc(NC(=O)c2c(O)ccc([N+](=O)[O-])c2)cc1,-4.847082222038871
O=C(O)[C@@H](N)CCC,-0.6557675744657587
O(C(CC)C)C,-0.5161640601353636
S(C(C(=O)N)C)C(C(=O)N)C,-0.49632629271749584
P(=O)(OCCCC)(OCCCC)OC,-1.4054243164091862
Clc1ccc(NC(=O)C(CCC)(C)C)cc1,-4.735694989196206
O(CCO)CCCCCCCC,-2.2594311945934735
O=C(N)C=1C(=O)C2(O)C(O)=C3C(=O)c4c(O)ccc(N(C)C)c4CC3CC2C(N(C)C)C=1O,-2.7236828459489213
O=C(OCCc1ccccc1)C(O)(C)C,-1.9047532021867641
O=C(O)c1cc2c(nccc2)cc1,-2.4257220127836323
O=C(OC)Nc1[nH]c2c(n1)cccc2,-2.921645372720051
O=C1N(C)C(=O)c2nccnc2N1C,-1.1767664808627374
IC1=CNC(=O)C=C1,-1.7864471342214712
O=C(OCC)Nc1cc(OC(=O)Nc2ccccc2)ccc1,-4.234904531243187
O=C(OC1C(C2OC(C)(C)OC2)OC2OC(C)(C)OC12)c1ccccc1,-2.591697212694783
O=C(OCCCCC)CCOCC,-2.491960241157089
O=C(OCCCCCCC)c1ccc(N)cc1,-4.275695634478687
Nc1nc(N)c2ncc(N)nc2n1,-2.4563527314673363
O=C(/C=C/C=1C(C)(C)CCCC=1C)C,-4.393797560216331
ClC(Cl)C(Cl)C(Cl)Cl,-3.122708982812077
Clc1c(O[C@@H](C(=O)O)C)ccc(Cl)c1,-2.567479343494346
O=C(NN)c1c(C)nc(C)c(C(=O)NN)c1,-1.8220225243154444
O=C1C(=O)Nc2c(N1)cccc2,-2.5561071460019757
O=C(OC(C(=O)NCC)C)Nc1ccccc1,-2.0156432341321553
Clc1c(Cl)cccc1-c1ccccc1,-5.254583011426636
O=C1C(CCN2CCCCC2)(C)NC(=O)N1,-1.603188127662828
Oc1c2nccnc2ccc1,-1.2007467621639543
Clc1c(S(=O)(=O)N)cc2C(=O)N(c3c(C)cccc3)C(C)Nc2c1,-3.331666505836825
S=C=NCCCC=C,-2.7144386410409234
Brc1ccc(C(O)(C(=O)OC(C)C)c2ccc(Br)cc2)cc1,-5.216713746867392
O=C(N(C)C)NC1C2C3C(C(C1)C2)CCC3,-4.0722463283533745
OC(CC(CC)C)CC,-2.032312325085874
S(=O)(=O)(NS(=O)(=O)CCCCCCCC)CCCCCCCC,-4.026284623034648
OC(C(CC)C)C(CC)C,-2.58459110302857
Clc1c(Cl)c(Cl)c2c(c1Cl)cccc2,-7.597502793777745
P(=O)(OCCCCC)(OCC)OCC,-1.3770321605494424
S(C(C(=O)O)C)CSC(C(=O)O)C,-0.559513893933854
OC(C(O)c1ccccc1)(CCC)CCC,-3.2554857447227854
S=C(NCNC(=S)N)N,-1.6162758184033734
OC(CC(C)C)CCC,-2.335723525604236
OC(CNCC(O)CC)CC,0.44717560451071314
S(/C(=N\OC(=O)NC)/C(=O)N(C)C)C,-0.5089167825607683
FC(F)(F)c1sc(N(C(=O)NC)C)nn1,-1.4071750955141071
O=C(NC(=O)c1cnccc1)Nc1ccccc1,-2.9270364706056067
O=C(OCCCCCC(C)C)c1c(C(=O)OCCCCCC(C)C)cccc1,-6.280480811552265
O=C(O)C(NC=O)(CC)C,-0.7907375106862693
S(=O)(=O)(CC)c1sc(N(C(=O)NC)C)nn1,-1.6893146693830805
O=C1N([C@@H]2O[C@H](CO)[C@@H](N=[N+]=[N-])C2)C=C(C)C(=O)N1,-1.9631733936441556
S(=O)(=O)(OC(C/C=C/CCCCCCCC(=O)O)CCCCCC)O,-3.842827676202826
Clc1c(Cl)ccc(-c2c(Cl)ccc(Cl)c2)c1,-6.940829409132501
O=C(Oc1c(C(=O)OCN2C(=O)CCC2=O)cccc1)C,-2.554922523735471
Brc1cc(/C=C/C(=O)O)ccc1,-3.324969961819136
ClC1(Cl)C2(Cl)C(Cl)=C(Cl)C1(Cl)[C@@H]1[C@H]2CO[SH0](=O)OC1,-5.0605012678997685
Clc1c(c(Cl)c(Cl)cc1Cl)-c1ccccc1,-6.847268160245207
O=C(N(C)c1sc(C(C)(C)C)nn1)NC,-2.819500765735134
ClCC(=O)N(COCC)c1c(CC)cccc1C,-3.3377075359089363
S(C(/C(=N/OC(=O)NC)/C)C)C,-1.5535555834191033
S(C(c1ccccc1)(c1ccccc1)c1ccccc1)CC(=O)O,-5.223457295171588
Clc1c(-c2c(Cl)ccc(Cl)c2)cc(Cl)cc1,-6.924230106487499
O=C(O)C(NC(=O)C(N)CC(C)C)CCC(=O)N,-1.587294542152743
Clc1c(Cl)c(Cl)c2c(c1Cl)oc1c(Cl)c(Cl)c(Cl)c(Cl)c21,-10.71959174276044
O=C(OCC)C(NC(=O)c1occc1)C,-1.4333357228719337
Clc1c(Cl)c(Cl)c(c(Cl)c1Cl)-c1c(Cl)c(Cl)c(Cl)c(Cl)c1,-9.543005511871453
Clc1c(-c2c(Cl)ccc(Cl)c2)ccc(Cl)c1,-6.902578104177927
S(=O)(=O)(Oc1c(CCCC)c(C)nc(NCC)n1)N(C)C,-3.37495125175525
O=Cc1c(C)cc(O)c(OC)c1,-1.8186839142988265
Clc1c(Cl)c(Cl)cc(c1Cl)-c1c(Cl)c(Cl)c(Cl)cc1Cl,-8.961776096149254
O=[N+]([O-])c1ccc(N2C(=O)C([N+](=O)[O-])=C(C)N2)cc1,-3.3948956275062647
S(C[C@H](N)C(=O)O)CCCCSC[C@H](N)C(=O)O,-2.8934236563616933
SC(=O)c1cnccc1,-1.0720469366285448
O=C(O)c1c(C(=O)O)nc(C(C)C)[nH]1,-1.9067981497847413
S(CCN/C(=N\C)/NC#N)Cc1c(C)nc[nH]1,-1.836333958598452
O=C(NCCCC)NC=1C(=O)N(N(C)C=1C)c1ccccc1,-2.9861935848214567
O=C(O)C1N(C)C(C(=O)O)CC1,-0.0822308019328073
O(CCOc1c(OC)cc(Cc2c(N)nc(N)nc2)cc1OC)C,-2.4423565196807155
O=NN1C(=O)CCC1,-1.2450392930418341
O=C(CCCCN1C(=O)N(C)c2ncn(CCC)c2C1=O)C,-1.7096963808498034
Clc1c(Cl)cc2c(Cl)ccc(Cl)c2c1,-7.511523597438946
Clc1c(c(Cl)cc(Cl)c1)-c1cc(Cl)c(Cl)cc1,-7.304607594616283
O=C1OCc2c1cc(N)cc2,-2.149728673719695
Clc1c(Oc2ccc(Cl)cc2)ccc(Cl)c1,-6.475417510823708
S(N(C(O/N=C(/SC)\C)=O)C)N(C(O/N=C(/SC)\C)=O)C,-3.8692156215128986
O=[N+]([O-])c1c(N=Nc2ccc(N(CCO)CC)cc2)ccc([N+](=O)[O-])c1,-6.074669931732366
Clc1c(C(O)(c2cncnc2)c2ccc(F)cc2)cccc1,-3.4386559654069155
S(N(C(=O)OCCCC)C)N(C(=O)Oc1c2OC(C)(C)Cc2ccc1)C,-4.624139454894354
Clc1ccc([C@@H](C(O[C@H](C#N)c2cc(Oc3ccccc3)ccc2)=O)C(C)C)cc1,-6.8707486292999
Clc1c(Cl)c2Oc3c(Oc2cc1Cl)cc(Cl)cc3,-8.627315006429702
Clc1c(Cl)c(Cl)c2c(c1Cl)oc1c(Cl)c(Cl)c(Cl)cc21,-10.230008151250377
S(=O)(=O)(Nc1nc2C(C(C)C)CCC(C)c2cn1)c1ccc(N)cc1,-3.9604100740071058
Clc1c(Cl)c(Cl)cc(Cl)c1-c1ccc(Cl)cc1,-7.54723327616812
Clc1c(Cl)c(Cl)c(c(Cl)c1Cl)-c1cc(Cl)cc(Cl)c1,-8.647489768468333
Clc1c(Cl)cc(-c2c(Cl)c(Cl)ccc2)cc1Cl,-7.420430334728191
Cl/C(/C(F)(F)F)=C\C1C(C)(C)C1C(=O)OCc1c(F)c(F)c(C)c(F)c1F,-6.363386710958286
Clc1c(C(=O)O)c2ncc(Cl)cc2cc1,-3.2823188597963178
O(O)C1(C)C(O)NC(=O)N1,-0.5719221115994495
ClC(Cl)C(=O)N/N=C/C=C/c1oc([N+](=O)[O-])cc1,-3.9374880419896074
O=[N+]([O-])c1oc(/C=C/C=N/N(C(=O)N)CCO)cc1,-2.6271614388752376
O=C(Nc1ccccc1)C(CC(=O)O)C,-1.9510041797187019
O=[N+]([O-])c1oc(/C=C/C=N/NC(=O)Nc2ccccc2)cc1,-4.479066730693951
S(=O)(=O)(NCC(=O)O)c1cc2c(cc1)cccc2,-2.747949461695443
O=[N+]([O-])c1oc(/C=C/C=N/N(C(=O)C(=O)N)CCO)cc1,-2.58190979001944
S(C(=O)c1c(CC(C)C)c(C(SC)=O)c(C(F)F)nc1C(F)(F)F)C,-3.994851942675218
O=C(Nc1nc(C)ccn1)c1nccnc1,-1.911988010568689
FC(F)(F)C(OC(=O)/C=C\[C@H]1[C@@H](C(O[C@H](C#N)c2cc(Oc3ccccc3)ccc2)=O)C1(C)C)C(F)(F)F,-6.690123168460271
Brc1c2c(c(OC)c(OC)c1)C(=O)OC2,-4.0861504574370535
[Si](CCCc1cc(Oc2ccccc2)c(F)cc1)(C)(C)c1ccc(OCC)cc1,-7.165740219639572
S(=O)(=O)(N)c1c(C2=Nc3c(C(=O)N2)cccc3)cccc1,-3.3745833779296017
O=C(O)CN(C(=O)COC(=O)c1ccccc1)C,-1.5730699352323105
S(=O)(=O)(N)c1sc2C(O)CCS(=O)(=O)c2c1,-1.8044921450952176
Clc1c(NS(=O)(=O)c2cc(C(F)(F)F)c(Cl)cc2)ccc([N+](=O)[O-])c1,-5.19990762536176
S(=O)(=O)(N)c1ccc(SCCC(O)(C)C)cc1,-2.5777276978740145
S(=O)(=O)(N)c1cc(C(=O)OC)c(S(=O)(=O)CCCO)cc1,-1.8745167809189356
S(=O)(=O)(Nc1[n+]([O-])c(C)ccc1)c1ccc(N)cc1,-2.888148926727108
O=[N+]([O-])c1oc(/C=N/N(C(=O)C(=O)N)CCO)cc1,-2.1298437714478577
O=C(N(CCO)C)COC(=O)c1c(O)cccc1,-1.286171830191822
O=C(COC(=O)c1ccccc1)N1CCC(O)CC1,-1.8873686668221712
O=C(N(C)C)CCCOC(=O)c1ccccc1,-1.65573996451729
O=C(N(C(C)C)C(C)C)COC(=O)c1c(OC(=O)C)cccc1,-3.0002305336563833
Clc1c(SCC(=O)OC)cc(/N=C/2\SC(=O)N3N\2CCCC3)c(F)c1,-4.825395358216806
O=C(NCC(=O)N)COC(=O)c1c(OC(=O)C)cccc1,-2.0808731715972404
S(=O)(=O)(c1c(C)cc(C)cc1C)c1nn(C(=O)N(CC)CC)cn1,-2.6647142415672582
S(=O)(=O)(N)c1occ(S(=O)(=O)c2ccc(C)cc2)c1,-3.340658491129335
Clc1c(N2C(C(=O)OCC)(C)CC(C(=O)OCC)=N2)ccc(Cl)c1,-4.186680222366465
S(=O)(=O)(N)c1cc(N)c(S(=O)(=O)CCO)cc1,-2.1269034574756547
S(=O)(=O)(N)c1ccc(CCCCCOC(=O)C)cc1,-3.2956326280982156
O=C(OCC)/C(/NC=O)=C/c1cc(OC)c(OC)cc1,-3.1717697068536985
O=C(CCC)c1c(C)c(c(C)cc1C)C1CC(=O)C(/C(=N\OCC)/CC)=C(O)C1,-4.413375628951249
Clc1c(NS(=O)(=O)c2nn3C(OCC)=NC(F)=Cc3n2)c(C(=O)OC)ccc1,-4.045112973399779
Clc1ccc(S(=O)(=O)C2(C(=O)OC(C)C)CCCC2)cc1,-4.69212514922337
F[C@]12[C@@H](O)C[C@]3(C)[C@@](O)(C(=O)CO)[C@H](C)CC3C1CCC=1[C@]2(C)C=CC(=O)C=1,-4.428163438621258
O=C(OC1C[C@@H]2N(C)[C@@H](C1)CC2)C(CO)c1ccccc1,-1.8380780787627846
BrC([N+](=O)[O-])(CO)CO,0.2870808326125416
S=P(OCC)(OCC)Oc1ccc([N+](=O)[O-])cc1,-4.675019505958719
N(CCCN1c2c(Sc3c1cccc3)cccc2)(C)C,-4.552983843710294
O=C(N[C@@H]1C=2C(c3c(OC)c(OC)c(OC)cc3CC1)=CC=C(OC)C(=O)C=2)C,-3.5237624488262362
ClCCl,-1.4684779554089995
FC(F)(F)CO,0.6799700784046978
O=C1C(CCCC)(CC)C(=O)NC(=O)N1,-2.1504804811688807
O(C)c1c2c(c(OC)c3OC(C)=CC(=O)c13)occ2,-5.67504784416794
O=C(c1c2c(ncc1)ccc(OC)c2)C1N2CC(C=C)C(C1)CC2,-3.562406761842994
c1(-c2ccccc2)ccc(-c2ccccc2)cc1,-5.77064516206576
Clc1c(Cl)cc(O)c(Cl)c1,-2.7433208451491344
O=C(OCC)C(O)C,0.5614754057397957
O=C(O)C(CC(=O)O)CC(=O)O,-0.5367600328080808
O=C(OCC)OCC,-0.4633778546856795
Oc1ccc(C)cc1,-1.116285282009479
BrCC#C,-0.782476246197749
C(CC)CC,-2.999968060414854
s1cccc1,0.4032571494129513
BrCCCCCCCC,-5.5586853381659775
c1(-c2nc3c(cc2)cccc3)nc2c(cc1)cccc2,-4.461815374141128
C(=C)CCCCCCC,-5.143981403005949
s1c2c(c3c1cccc3)cccc2,-5.640808355066733
Oc1c(CCCCCC)ccc(O)c1,-3.090352178594801
O=C(NCO)NCO,0.23807207442100298
Cl/C(/C(=O)N(CC)CC)=C(/OP(=O)(OC)OC)\C,-1.1086721544049045
O=C(OC12C(O)C(OC)C3(O)C(OC(=O)c4ccccc4)C1C(C14C(OC)CC(O)C5(COC)C1C(OC)C2C4N(CC)C5)C3)C,-3.895872274660836
ClCc1ccc(F)cc1,-3.1535292364885605
O=[N+]([O-])c1n(CCO)c(C)nc1,-0.6628643077560694
ClCCS(=O)(=O)CCCl,-1.6706525313977365
O(C)c1c(OC)cc2c([C@@H](CC3[C@@H](CC)CN4C(c5c(cc(OC)c(OC)c5)CC4)C3)NCC2)c1,-2.785636649928203
OC(C(O)c1ccccc1)c1ccccc1,-1.95917567907674
BrC(C)(C)C,-2.1615515574508164
O=C(OCC(O)COc1c(OC)cccc1)N,-1.41729812145069
O=C1N(CC(=C)C)C(N)=CC(=O)N1C,-1.7473342145817314
O=[N+]([O-])c1ccc(C=O)cc1,-2.571104385881866
BrC([N+](=O)[O-])([N+](=O)[O-])[N+](=O)[O-],-0.11316562855765167
O=C1CC(C)CCC1,-1.18372337640069
O=[N+]([O-])c1c2c([N+](=O)[O-])cccc2ccc1,-3.9033454339455895
OCc1c(CO)cccc1,-0.34749635921563815
O=C(O)C(O)CC(=O)O,-0.3471083127170309
C(C)c1ccc(C)cc1,-3.563822113136703
ICCI,-2.9051646416519494
BrCCCO,0.5299389242476629
Clc1c(Cl)c(Cl)c(C(=O)O)c(C(=O)O)c1Cl,-2.814772705745184
Brc1c(Cl)cccc1,-3.2064963757994307
O=C(O)C(C(=O)O)CCCCCCC,-2.0770179061314336
O=C(CCC1C(=O)N(N(c2ccccc2)C1=O)c1ccccc1)C,-2.750082934033008
P(=O)(O)(O)CNCC(=O)O,0.7032614857736634
CC1=Nc2c(N=C(C)C1)cccc2,-2.0351431582407544
CN1c2c(Sc3c1cccc3)cccc2,-4.578421780163076
O=C(Nc1ccc(OC)cc1)N,-1.8863275871597738
[PH](=O)(OCCCC)OCCCC,-1.2549782188562646
Clc1c(Cl)cc2c(c1)cccc2,-5.731021593080108
O=C(O)C(C(C(=O)O)CC)(C)C,-0.47306974686102343
O=C1C(CC=C)(CC)C(=O)NC(=O)N1,-1.8525452800285778
Fc1c2c(C)c3c(cc2c2c(c1)cccc2)cccc3,-7.294418632111128
Nc1c2c(c3c(c4c(cc3)cccc4)c1)cccc2,-6.531291245059586
O=C(O)c1c(O)ccc(N=Nc2ccccc2)c1,-4.348405781871502
S=P(OC)(OC)Oc1ccc(Sc2ccc(OP(=S)(OC)OC)cc2)cc1,-5.974780600206612
O=[SH0]1OCCO1,-0.46503044705878605
S=C1N(/N=C/C=C/c2oc([N+](=O)[O-])cc2)CC(=O)N1,-4.430847775083191
P(=O)(O)(O)CCCC(=O)O,0.6285486946407279
O=C(OCCC)CCOC,-0.8485184438471662
O=C(NCCCCCCCCC)C(O)C(O)C(O)C(O)CO,-1.7981532906411002
O=C(O)C(NC(=O)c1occc1)c1ccccc1,-2.1325908129336666
O=C1N=C(C)C=C(N)N1,-1.314073052392493
O=C(OCCCCCCCC)C(OC(=O)C)C,-3.033187001587145
S(=O)(=O)(O)c1ccc(NC(=N)NC(=N)N)cc1,-1.8185975439223698
O=C(O)[C@H](N)CCC(=O)O,-0.7593219346644291
OCCc1ccc(C(C)C)cc1,-2.9270141762113813
Clc1c(Cl)c(O)c(Cl)c(C)c1Cl,-4.208886483554432
O=C1NC=Nc2nc(C)c(C)nc12,-2.211013188886103
O=C(O)CC1=C(N)NC(=O)N=C1,-1.459754220968236
Clc1c(NC(=O)C(=O)O)ccc(Cl)c1,-2.8769968659765452
O=C(O)c1c2c(c(OCC)cc1)cccc2,-3.6466783969069665
O=C(O)CC=1C(=O)NC(=O)NC=1,-1.555365117882158
ClCC(=O)N(COCCCC)c1c(CC)cccc1CC,-4.172029247397175
ClCSP(=S)(OCC)OCC,-3.4268311231638564
Clc1c(Cl)c(Cl)c2c(c1Cl)C(=O)OC2,-6.448053182028916
O=C1N(c2ccccc2)NC(N)=N1,-2.3702501978392543
Clc1c(Cl)c(Cl)c2c(Cl)cc(Cl)c(Cl)c2c1Cl,-9.480233376320832
O=C(OCCCCCCCCCCCCCCCCCC)c1cnccc1,-6.045287029967026
O=C(N(C)C)Nc1ccc(C(C)C)cc1,-2.648934845208598
OC(C(O)CC(C)C)(CC)CC,-2.1755275965644776
Clc1c(-c2c(Cl)c(Cl)ccc2Cl)c(Cl)ccc1Cl,-7.930937100972044
O=C(OC(C#N)c1cc(Oc2ccccc2)ccc1)C1C(C)(C)C1C=C(C)C,-7.009596941427084
O=C(O[C@@H]1[C@H](c2ccc(OC)cc2)Sc2c(N(CCN(C)C)C1=O)cccc2)C,-3.5721940988334397
O=C(NC(C(=O)O)CCCC)N,-1.6457371259299562
O=C(Oc1cc(NC(=O)OC(C)C)ccc1)N(CC)c1ccccc1,-4.65735686189896
Clc1c(S(=O)(=O)NC(=O)Nc2nc(OC)nc(C)n2)cccc1,-3.4861455711720426
C(C)(C)(C)c1ccc(CC(CN2CCCCC2)C)cc1,-5.22787360902384
Clc1nc(NC(C)C)nc(NCC(=O)OCC)n1,-2.7501151515543847
Clc1c(-c2nnc(-c3c(Cl)cccc3)nn2)cccc1,-4.568253055614612
O(C(CO)CO)Cn1c2N=C(N)NC(=O)c2nc1,-1.8186248978057677
FC(F)(F)c1ccc(COc2ccc(C3CC(C=4C(=O)Oc5c(C=4O)cccc5)c4c(cccc4)C3)cc2)cc1,-6.1601067508318605
S(=O)(=O)(NCC(=O)NCC(=O)O)c1cc2c(cc1)cccc2,-2.552933132592796
S=C1S/C(=C\c2cc(O)c(O)cc2)/C(=O)N1,-3.5919541786111084
O(/N=C(/CCC)\C=1C(=O)CC(C2CSCCC2)CC=1O)CC,-4.37586111618767
O=C(O)c1c(C2=NC(C(C)C)(C)C(=O)N2)ncc(C)c1,-2.538443204428058
O=C(OCC)CN(C(=O)COC(=O)c1ccccc1)C,-1.8096476013527916
S(=O)(=O)(N)c1ccc(S(=O)(=O)CCCO)cc1,-2.1974934177702155
S=C(N/N=C/c1cc(OC)c(OC2C(O)C(O)C(O)C(CO)O2)cc1)N,-2.138949056655968
O=C1C(CC)C(C)O1,-1.53200359578582
S(=O)(=O)(NCCCCCCC(=O)O)c1ccccc1,-2.3856341295803283
S(=O)(=O)(c1ccc([N+](=O)[O-])cc1)C1(C(=O)OC(C)C)CCC1,-4.4664845971682805
O[C@@H]1[C@]2(C)C(C3C(c4c(cc(O)cc4)CC3)CC2)CC1,-4.595719618732556
N1(c2nc(N3CC3)nc(N3CC3)n2)CC1,-4.40823962724559
S=C1NC(=O)C=C(CCC)N1,-2.81594846574517
O=C1C(CC)(C(=O)NC(=O)N1)C1=CCCCC1,-2.6397602860561693
O=C(CO)[C@]1(O)[C@]2(C)C(C3C(C(=O)C2)[C@]2(C)C(=CC(=O)CC2)CC3)CC1,-3.7518122316997324
O=C(NN)c1ccncc1,-0.7034911571237201
O=[N+](OC(CO[N+](=O)[O-])CO[N+](=O)[O-])[O-],-2.710313329420761
O=C1C(c2ccccc2)(c2ccccc2)NC(=O)N1,-3.1336915996381554
O=C(OCC(COC(=O)N)(CCC)C)N,-2.380903768338851
S(=O)(=O)(Nc1nc(C)cc(C)n1)c1ccc(N)cc1,-2.863577664448663
O=C1N(C)C(=O)c2[nH]cnc2N1C,-1.4310043102611893
Clc1c(S(=O)(=O)N)cc2S(=O)(=O)NC=Nc2c1,-2.2560035049255514
O=C(Nc1ccc(OCC)cc1)C,-2.5162986445265974
ClC(Cl)Cl,-1.9960115674538748
O=C1C=C2C(C3C(C4[C@@](C)([C@](O)(C#C)CC4)CC3)CC2)CC1,-5.193960016309081
O([C@H]1[C@H](O)[C@@H](O)[C@H](O)O[C@@H]1CO)[C@@H]1[C@H](O)[C@@H](O)[C@H](O)[C@@H](CO)O1,-0.10465158546169384
O([C@@H]1[C@@H](C)O[C@@H](O[C@@H]2CC3[C@@](C)(C4C([C@]5(O)[C@@](C)([C@@H](C6=CC(=O)OC6)CC5)CC4)CC3)CC2)C[C@@H]1O)[C@@H]1O[C@H](C)[C@@H](O[C@@H]2O[C@H](C)[C@@H](O)[C@@H](O)C2)[C@@H](O)C1,-3.508969416457726
S(=O)(=O)(N)c1c(C(F)(F)F)cc2NC(Cc3ccccc3)NS(=O)(=O)c2c1,-2.2677894054229144
O=CN,0.9179086491870176
ClC(Cl)C,-1.214744638685722
FC(F)F,-0.0810880755008383
ClC(Cl)(Cl)[N+](=O)[O-],-1.7031353658582093
O=C1C(O)(C2(O)C(=O)NC(=O)NC2=O)C(=O)NC(=O)N1,-2.1150418604918966
O=C1C(C)(c2ccccc2)C(=O)NC(=O)N1,-1.8543915039486005
OCC(N)(CO)CO,0.3689455870724334
P(=O)(OCC(CCCC)CC)(OCC(CCCC)CC)OCC(CCCC)CC,-5.470424344852191
N(=NC(C#N)(C)C)C(C#N)(C)C,-1.6043602317738634
C(CC)(C)C,-3.265716227681022
ClC(Cl)CC,-1.8056712998492292
ClCC(=O)O,0.6178734989051509
O=[N+]([O-])CC,-0.16010645927780986
S=C(N)C(=S)N,-1.3006884512421786
S(=O)(=O)(O)c1c(N)c2c(cc1)cccc2,-2.0901623284344435
S(=O)(=O)(O)c1c2c(N)cccc2ccc1,-1.448730018405345
O=C1c2c(C(=O)c3c1ccc(O)c3)ccc(O)c2,-4.008505251663397
n1c2c(c3c(cc2)cccc3)ccc1,-3.9141438853657844
O=C1NC(=O)c2c1cccc2,-3.0794997048869885
[nH]1c2c(c3c1cccc3)cccc2,-4.630553189788227
O=C1NC(=O)c2c(N1)cccc2,-3.044859112540922
S(=O)(=O)(O)c1c(N)ccc(C)c1,-1.1029200048436174
O=[N+]([O-])c1c(N)cccc1,-1.9773902970842991
O=C(N)c1c(C(=O)N)cccc1,-1.767562900982382
Clc1c([N+](=O)[O-])cc(Cl)cc1,-3.5177001362577345
Clc1c(Cl)cc([N+](=O)[O-])c(Cl)c1,-4.394309776371795
Brc1c2c(ccc1)cccc2,-4.652802799373751
N(c1c2c(ccc1)cccc2)c1ccccc1,-5.185872667680637
n1c2c(ccc1)cccc2,-1.4586765171326017
Nc1ccc(-c2ccc(N)cc2)cc1,-2.826908739214225
O=C(C)c1cc2c(cc1)cccc2,-3.9008656966974233
N(CC(C)c1ccccc1)C,-1.8279677178700662
O=C(OCC(C)C)c1ccc(N)cc1,-3.0086002344225258
Clc1cc(C)c(OCC(=O)O)cc1,-2.4027345991092774
OC(C(CO)CC)CCC,-1.028043482112683
Clc1c(Cl)ccc(O)c1,-1.8778200724369423
P(F)(=O)(OC(C(C)(C)C)C)C,-2.1899619927553124
O=[N+]([O-])c1c(N)ccc(OC)c1,-2.43336757008171
OCc1occc1,0.694974630062489
C(C)(C)c1ccccc1,-3.2177674814339454
Clc1c(N)c(Cl)cc([N+](=O)[O-])c1,-3.060551656800593
O=[N+]([O-])c1cc(N)c(O)cc1,-2.2249152288903815
C(C)(C)C1CCC(C)CC1,-4.84775177198667
OCCN(CC)CC,0.7642923736441278
Clc1cc(NC(=O)OC(C)C)ccc1,-3.439686926090968
OCCN(CCCC)CCCC,-1.4760653612234576
S=C=Nc1ccccc1,-2.754707992615963
O(C)c1ccc(CO)cc1,-1.3168895231264965
O=C(OCCC)CCC,-1.7862157033941557
O=C(CCCC)CC,-1.2468134437225462
Clc1ccc(C)cc1,-3.109311814543495
O(C(CO)C)CC(O)C,0.9658780903769029
BrCCBr,-1.4699972384028739
C(C=C)=C,-1.5407426066196983
ICCC,-2.3346893007336207
[Si](O[Si](C)(C)C)(C)(C)C,-5.263088175935142
O=C(O)CCN,0.3102278323679606
O=C(OC(C)C)C,-0.46571958212596254
Oc1cc(C)ccc1,-0.7267688549091209
Cc1nccc(C)c1,-0.4853848699258423
Oc1cc(O)cc(O)c1,-0.30640991237991955
Clc1ccccc1,-1.9872994535172754
SCCCC,-1.9551859291245384
O=COCC,0.03456205442561844
O=C(OCCOC)C,0.4822734441105223
NCCCCC,-0.29063736290759
S(CCC(=O)O)CCC(=O)O,-1.0729831053348082
OCCNCCN,1.29177969952354
O=C(OCCOC(=O)C)C,-0.2525273319474608
O=CCCCCCC,-2.232924889878627
O=C(O)CCCCCCCC,-2.907818490611385
OCCCCCCCCCCCC,-4.558039676993966
OCCCCCCCCCCCCCCCCCC,-6.313105442277034
O=C1C(CCCCC)(CC)C(=O)NC(=O)N1,-2.4746803392927728
O=C(OCCCCCCCC)c1c(C(=O)OCCCCCCCC)cccc1,-6.342569295869136
ClC=1C(=O)C(Cl)=C(Cl)C(=O)C=1Cl,-3.480238960302595
O=C(O)c1c(N)cccc1,-1.807687261470527
O=[N+]([O-])c1c(O)ccc(C)c1,-2.3266828712900725
c12c(cc3c(c1)cccc3)cccc2,-5.635861937316652
S(Sc1sc2c(n1)cccc2)c1sc2c(n1)cccc2,-6.275202491312461
O=Cc1cc(OCC)c(O)cc1,-2.010593015249372
Clc1ccc(OCC(=O)O)cc1,-2.312310037657815
O=Cc1ccc(O)cc1,-0.9710707615447802
Oc1ccc(N)cc1,-0.4047076265375633
O1CCOCC1,1.5111385203893652
O=C(O)CCCCC(=O)O,-0.7662467106066018
BrC(F)(F)C(Br)(F)F,-3.7263175636844856
P(=O)(OCCCC)(OCCCC)OCCCC,-2.353117200691205
O=C(O)C(=O)C,0.5012584754306766
O=C(OCCCCC)c1c(C(=O)OCCCCC)cccc1,-5.250722392694866
o1c2c(c3c1cccc3)cccc2,-5.136327016083219
O=C(Oc1ccccc1)c1c(O)cc(N)cc1,-3.3601118679375457
N(CCNCc1ccccc1)Cc1ccccc1,-1.2252465713985357
O=C(C=C(C)C)C,-0.7622821601746663
C1=CCCC1,-2.640279883353498
FCC(=O)O,0.9645254114652029
O=C(O)[C@H]1NCCC1,-0.08751121125201244
c12c3c4c5c(c1cccc2ccc3ccc4)cccc5,-8.205865695021004
c12c3cccc1-c1c(-c2ccc3)cccc1,-7.504828620230807
S1c2c3c(ccc2Nc2c1cccc2)cccc3,-6.273395437631194
[nH]1nccc1,1.7726915224429227
C1CCCCCCC1,-3.224255182795335
O=C(N)N1c2c(cccc2)C=Cc2c1cccc2,-3.3456765251326073
BrC=1C(=O)N(C(CC)C)C(=O)NC=1C,-2.169027197517358
O=[N+]([O-])c1c(O)cc([N+](=O)[O-])cc1,-2.4512891947033757
O=C(O)CCCCCCCCC,-3.2788975352921934
Clc1c(N)cc(OC)c(C(=O)NCCN(CC)CC)c1,-2.739955648332961
O=C(O)C1(O)c2c(-c3c1cccc3)cccc2,-2.5852115188081295
O=C(NC1C=2C(c3c(OC)c(OC)c(OC)cc3CC1)=CC=C(O)C(=O)C=2)C,-3.0713943053068506
O=C1C(O)=C(c2c(O)cc(O)cc2)Oc2c1c(O)cc(O)c2,-3.3014355684024226
O=[N+]([O-])c1c(C)c(O)cc([N+](=O)[O-])c1,-1.9431700014000821
O=C1C(O)=CC(C(C)C)=CC=C1,-2.139124669893057
Clc1c([N+](=O)[O-])ccc(OP(=S)(OC)OC)c1,-4.330477824727904
O=C(NC(=O)/C=C/C(=O)O)N,-1.849094120859268
Nc1ccncc1,0.6410849989870546
O=C(O)/C=C/C=C/C(=O)O,-1.80988954286084
O=[N+]([O-])C([N+](=O)[O-])([N+](=O)[O-])[N+](=O)[O-],0.9604992331909585
O[C@@H]1CC=2C(C)(C3C(C4C(C)(C5C(C)C6(OC5C4)OCC(C)CC6)CC3)CC=2)CC1,-4.859754577681143
OCC(=C)C,0.288783171188868
O=C(NC1C(=O)N2C(C(=O)O)C(C)(C)SC12)COc1ccc(C)cc1,-2.9967752289701384
O=[N+]([O-])c1cc(C(=O)C(=O)c2c(O)ccc([N+](=O)[O-])c2)c(O)cc1,-3.9448028229423255
O=C(OCC)NCC(C)C,-0.8393053425568804
BrCCO,0.911080493167109
C(CC(C)C)(C)(C)C,-5.486471869400587
ClC1CCCCC1,-3.4780323701860194
O=C(OC)CC,0.1147249925790339
O=C(OCC(O)CO)CCC,-0.26481373017052556
O=C(Oc1c2OC3C(OC(=O)C)C=CC4C53c2c(cc1)CC4N(C)CC5)C,-3.0424871260911996
O=C(C(C)C)C(C)C,-1.479545114667059
O=C(O)c1c(C(=O)O)nc[nH]1,-1.5307633354593493
O=C(C(=O)c1ccccc1)C,-1.4011653363492695
Cc1cc2c(cc(C)cc2)cc1,-4.984661940700217
Brc1c(Br)cccc1,-3.582967742435756
Brc1cc(C(=O)O)ccc1,-2.6228654429396965
C(C)(C)=C1CC=C(C)CC1,-3.5762844510155127
Clc1c(Cl)ccc(OCC(=O)O)c1,-2.6595306317005782
O=C(NC(=O)C)N,-0.3468192363550133
Oc1cc(N)ccc1,-0.20254010119180244
C(=C)CCC=C,-2.6179970229275384
[As]CC,-1.0351625424390845
O=C1OC(c2ccccc2)(c2ccccc2)c2c1cccc2,-4.917037657107453
O=C(O)C(O)C,0.8991320035370443
O=C(OCC)c1c(C(=O)c2ccccc2)cccc1,-4.1874278516568495
O=[N+]([O-])c1c(OC)c([N+](=O)[O-])cc([N+](=O)[O-])c1,-2.65136466488375
O=C(OCC)C(=O)C(=O)OCC,-0.7499012311087376
O=[N+]([O-])c1c(C(=O)O)ccc([N+](=O)[O-])c1,-2.160632231947218
O=C(O)c1c(CO)cccc1,-1.0550447027942085
Brc1c(O)ccc(Br)c1,-2.7772368860038155
Cc1cscc1,-1.1700989228217276
O=C(OCC)CCCCCCCC(=O)OCC,-2.9429101445776573
S(SC)C,-1.1294645005412507
ClC(CCC)C,-2.702509230581319
O=COC(C)C,-0.7209690482240141
OCCCC(C)C,-1.212917477615227
O=[N+](OCCC)[O-],-1.3793706238031629
ClCCCCCCC,-4.859601813749995
OCCCCCCCCCCCCCCC,-5.601004080712954
O=C(O)C1=CCCCC1,-2.0043931498591063
O=C(O)CCCCN,0.19102287270695362
[O-][n+]1ccccc1,0.76556018370519
O=Nc1c(C)n(-c2ccccc2)nc1C,-2.9418722311762258
P(=O)(OC)(OC)C,0.6748097911510107
Clc1c(OC)cccc1,-2.0006153761823047
Fc1ccc(C(=O)CCCN2CCC(O)(c3ccc(F)cc3)CC2)cc1,-4.174097697138405
O=C(O)CCCCCCCCCCCCC(=O)O,-3.24745016609323
Cc1c2c(c3c(cc2)cccc3)ccc1,-5.8367415452121225
O=[N+]([O-])c1c(O)ccc(-c2ccccc2)c1,-3.8702784406578052
S(SCC(N)C(=O)O)CC(N)C(=O)O,-2.512120412281783
S=C(SCC)OC(C(=O)O)C,-1.237923627469458
O=NN1CCCC1,-0.665725824264642
O=C(O)COc1ccc(C)cc1,-2.085415352483361
S=P(SCN1C(=O)SC(OC)=N1)(OC)OC,-3.293825247998292
O=[N+]([O-])c1c(Nc2ccccc2)ccc([N+](=O)[O-])c1,-4.677125689696618
[O-][n+]1ccc(C)cc1,-0.38982528602469024
S(C)c1nc(NCC)nc(NCC)n1,-3.065385525397982
Oc1cn(-c2ccccc2)nc1,-1.6845427550466567
O=C(OCCCCCC)c1ccc(O)cc1,-3.7643348264624947
C(C)c1nc(C)ccc1,-0.9017809594001209
O=C1C(CC(C)C)(CC)C(=O)NC(=O)N1,-2.225971487020297
F[C@@]12[C@]3(C)C(=CC(=O)C=C3)CCC1C1[C@@](C)([C@@](O)(C(=O)COC(=O)C)[C@H](C)C1)CC2O,-4.014633043814352
O=C1c2c(NC)ccc(N)c2C(=O)c2c1cccc2,-6.279981782710516
C(N1CCOCC1)(c1ccccc1)(c1ccccc1)c1ccccc1,-4.967919013846444
O=C1C(C2=CCCCC2)CCCC1,-3.1747267008192384
S(=O)(=O)(C(/C=N/OC(=O)NC)(C)C)C,-0.9557377021512905
Brc1c(OC(=O)CCCCCCC)c(Br)cc(C#N)c1,-6.453951175445837
O=[N+]([O-])c1c(N/N=C/CCCO)ccc([N+](=O)[O-])c1,-3.4353088685052335
Clc1cc2Nc3c(Sc2cc1)cc(OC)cc3,-6.138138252993141
Clc1nc(NC(C)C)nc(NCCCOC)n1,-2.7699708393564832
O=C(O)c1oc(C)cc1,-1.3007772371166917
Clc1c(OCC(=O)OCCC)ccc(Cl)c1,-4.2298022159428585
ClC([N+](=O)[O-])([N+](=O)[O-])[N+](=O)[O-],0.02407670378054494
O=C(NCCO)CCCCC(=O)NCCO,-0.2951074705544001
Clc1ccc(Oc2ccc(NC(=O)N(C)C)cc2)cc1,-4.378345292729562
S(C(=O)N(CC(C)C)CC(C)C)CC,-3.5857654114551565
Clc1c(-c2ccccc2)cccc1,-4.364466624301074
O=C(N(C)C)NC1CCCCCCC1,-1.4281686461101954
C(CCCC)CCCc1ccccc1,-5.962860835418301
C(CCCC)(CCC)C,-5.717984431947557
S=P(SCC(=O)NC(C)C)(OCC)OCC,-2.6316178287780168
Clc1c(C)ccc(NC(=O)C(CCC)C)c1,-4.674596206245232
ClCC(=O)N(CC)CC,-0.21216161750484863
O=C(O)/C=C/c1cc2OCOc2cc1,-3.200436021742867
P(=O)(OCCCC)(OCCCC)C,-1.398145441508661
OCCN(CCO)c1ccc(N=Nc2ccccc2)cc1,-4.6348924688375925
Cc1cc2c(c3c(cc2)cccc3)cc1,-5.961515990554353
Clc1c(OC)cc(Cl)c(OC)c1,-3.3492997722175173
O=C(Nc1ccc(C(=O)C)cc1)C,-2.0037969788252434
O(C)c1nc(N(CC)CC)nc(NC(C)C)n1,-3.163843184697212
S(C#N)CC(=O)C,-0.03960339790443612
O=C1c2c(O)ccc(O)c2C(=O)c2c(NCCO)ccc(NCCO)c12,-4.886750967366556
O=C(OCC(COC(=O)C(=C)C)(COC(=O)C(=C)C)CC)C(=C)C,-4.019016193531125
ClC(Cl)=C(c1c(Cl)cccc1)c1ccc(Cl)cc1,-7.038026961850958
O=C1OC2C(O)(C(=C)C)C1C1(O)C(C)(C3(OC3)C3OC13)C2O,-3.5823613218560855
O=C(OCCCCCCCCCCC)c1c(C(=O)OCCCCCCCCCCC)cccc1,-6.964023152039502
Cc1c(C)c2c(c3c1c1c(cc3)cccc1)cccc2,-7.141412890022979
Clc1c(N=Nc2c(C)cc(N(CCO)CCO)cc2)ccc([N+](=O)[O-])c1,-5.71881588554888
Brc1cc2Sc3c(Nc2cc1)cccc3,-6.089459047077
O=[N+]([O-])c1ccc(OC(=O)C(C)(C)C)cc1,-4.529797412581194
S(CCOC(=O)C)CCOC(=O)C,-1.1796564610781393
BrC=1C(=O)C(O)=C(Br)C(=O)C=1O,-1.9349013598499296
BrC1=C(O)C(=O)C(Br)=CC=C1C(C)C,-3.2343853899423562
BrC1=C(O)C(=O)C(Br)=CC=C1,-2.353021298889985
S(=O)(=O)(C)c1cc([N+](=O)[O-])c(N(CCC)CCC)c([N+](=O)[O-])c1,-4.7061964046590745
S(=O)(=O)(N1CCCCC1)c1ccccc1,-2.377188650723126
O=C(O)c1c(OC)cc(C(=O)O)cc1,-2.411632053558923
O=C(O)C=1C(C)OC(C)CC=1,-1.388425869031263
O=C1N(CCCCC)C(=O)CC1,-1.7969886941591593
O=C(O)C(N(C)C)CCCC,-0.44331198591079035
O=C(OCCCCCCCC)C(O)C,-2.4054724519099118
O(CC)C1CC1,-2.1045456727474336
O=C(Nc1ncnc2[nH]cnc12)N,-2.407106699554534
O=C(O)CCN1C(=O)N(C)c2ncn(C)c2C1=O,-1.3228637679415292
Clc1ccc(C(O)(C(=O)OC(C)C)c2ccc(Cl)cc2)cc1,-4.865649959748813
S(SP(=S)(OC)OC)P(=S)(OC)OC,-4.87195662932342
P(=O)(O)(O)CCC(=O)O,0.46908090769757393
O=[N+]([O-])C([N+](=O)[O-])([N+](=O)[O-])COC(=O)c1c(C(=O)OCC([N+](=O)[O-])([N+](=O)[O-])[N+](=O)[O-])cccc1,-1.468484875484513
Clc1nc(NC(C)C)nc(N)n1,-2.1987647205109004
S(=O)(=O)(CCC(=O)O)CCC(=O)O,-1.0526931827942363
O=C(OC1C2(C)C3(C)C(OC(C42OC4)C1)C=C(C)C(=O)C3)/C=C\C,-3.3144761242889986
P(=O)(O)(O)CN(CP(=O)(O)O)CP(=O)(O)O,1.3351965144303026
O=C(O)CCCCCNC(=N)N,-0.9159240269402098
O=[N+]([O-])c1c(C(=O)OC)c(C(=O)O)ccc1,-1.8450561915133967
Clc1cc(Oc2ccc(Cl)cc2)ccc1,-5.891220296678444
Clc1ccc(Oc2ccccc2)cc1,-5.041370001021593
P(=O)(OCC)(CCCC)CCCC,-1.6227320530062959
O=C(O)C(NC(=O)c1ccccc1)c1ccccc1,-2.5949536794565438
O=[N+]([O-])c1c(NCC)c([N+](=O)[O-])cc([N+](=O)[O-])c1,-3.7256448801175863
Clc1cc2c(C)c3c(c4c(cc3)cccc4)cc2cc1,-7.7075017027914425
OC(CN)c1ccccc1,-0.529214278014166
O=C(O)[C@@H]1[C@@H](O)C[C@]2(O)OC1C[C@@H](O[C@H]1[C@@H](O)[C@@H](N)[C@H](O)[C@@H](C)O1)/C=C/C=C/C=C/C=C/C[C@@H](C)OC(=O)/C=C/C1OC1C[C@H](O)C2,-2.679148604096169
O=C(OCc1cc(Cc2ccccc2)oc1)C1C(C)(C)C1C=C(C)C,-6.389944655104559
Clc1c(-c2c(Cl)cccc2)cccc1,-5.055009600426208
O=C(N(C)C)c1ccc(C(=O)N(C)C)cc1,-0.8868892180299464
O=C1NC=2C(=O)NC=NC=2N1,-3.4076050643078917
ClC1(Cl)C2(Cl)C(Cl)=C(Cl)C1(Cl)C1C2CCC2C3(Cl)C(Cl)(Cl)C(Cl)(C(Cl)=C3Cl)C2CC1,-7.141983208699263
S=P(N1CCOCC1)(N1CCOCC1)N1CCOCC1,0.4544134812280074
OCC(CCC)(CC)CC,-2.1111967466463004
Clc1c(-c2c(Cl)cccc2Cl)c(Cl)ccc1,-6.539972414507568
Clc1c(O)ccc(C(=O)OCC)c1,-2.4845631700611186
S(=O)(=O)(Nc1scnn1)c1ccc(N)cc1,-2.8371868140125494
S(=O)(=O)(N)c1ccc(S(=O)(=O)N)cc1,-2.419735053961937
O(C(C)(C)C)C(C)C,-2.257832102238134
O=C(OCCO)c1c(C(=O)O)cccc1,-1.4366727660790017
O/N=C\1/C(=N/O)/CCCC/1C,-1.7732656960428366
S=C(N/N=C/C=C/c1oc([N+](=O)[O-])cc1)N,-3.556139262507143
S(=O)(=O)(Nc1ncccc1)c1ccc(NC(=O)C)cc1,-3.0058733329678105
Nc1c(N)nc2nc(N)nc(N)c2n1,-2.903319103211105
O=C(O)C(N)COC,-0.3041722472072639
Clc1c(Cl)ccc(N2C(=O)N(C)C(=O)O2)c1,-3.3257763464676553
ClC(C(O)(C)C)C,-0.07905801259358869
O=C1N=C(N)Nc2ncc(C(O)C(O)C)nc12,-2.1686293584590617
O=[N+](OCC(=O)OCCC)[O-],-1.5484639746507012
S(=O)(=O)(O)c1c2c(N=Nc3c4c(ccc3)cccc4)c(O)ccc2cc(S(=O)(=O)O)c1,-3.2298738271261964
S=C(NC(=O)OC)Nc1c(NC(=S)NC(=O)OC)cccc1,-3.727500374327448
Clc1cc(Cl)cc(C(=O)NC(C#C)(C)C)c1,-4.505310007255552
O=C1N(C)C=Nc2nccnc12,-1.2060015802605055
O=[N+]([O-])c1c(OCC(=O)O)ccc([N+](=O)[O-])c1,-2.2482689169389687
P(=O)(Oc1cc(C)cc(C)c1)(Oc1cc(C)cc(C)c1)Oc1cc(C)cc(C)c1,-6.12337368433146
O=C(NC(C(=O)O)C(CC)C)N,-1.405670958345885
O=C1N(CCCCCCCC)SC=C1,-4.087091718274355
Clc1cc(C)c(NC(=S)N(C)C)cc1,-3.656225098063989
O=C(OCCCCCCC(C)C)c1c(C(=O)OCCCCCCC(C)C)cccc1,-6.5182428551252585
Clc1c(OC)c(/C(/OC(=O)c2ccccc2)=N/OCC)c(OC)cc1,-5.901431977922078
S=P(O/C=C(/C(=O)OC)\C)(OC)OC,-2.5235182173177395
Clc1ccc(C2(O)CCN(CCCC(=O)c3ccccc3)CC2)cc1,-3.9761109419425127
O=C1C(CC(C)C)(CCC)C(=O)NC(=O)N1,-2.5895234766159634
O=C(C)c1cc(O)c(O)c(O)c1,-1.8026047924245012
Clc1c(Cl)c(Cl)cc(c1Cl)-c1c(Cl)c(Cl)c(Cl)cc1,-8.593968598772127
O=C(NCc1c(N)nc(C)nc1)N,-1.2564827477268743
S=P(SCCSC(C)C)(OC)OC,-3.689385120668818
O=C(N[C@H]1[C@H](O[C@@H]2[C@H](O)[C@@H](N)[C@H](O)[C@@H](CO)O2)[C@@H](O)[C@H](O[C@@H]2[C@H](O)[C@@H](O)[C@H](O)[C@@H](CN)O2)[C@@H](N)C1)[C@@H](O)CCN,-0.8356247763559244
Clc1c(-c2cc(Cl)cc(Cl)c2)cccc1,-6.131144015160908
FC(F)(F)/N=C/1\N(c2ccccc2)/C(=N/c2ccccc2)/S\C\1=N\C(F)(F)F,-5.20586359073204
Clc1c(Cl)c(-c2c(Cl)ccc(Cl)c2)ccc1Cl,-7.4932676548294985
Clc1c(Cl)c(Cl)cc(c1Cl)-c1c(Cl)c(Cl)ccc1Cl,-8.503038806524447
Clc1c(-c2cc(Cl)ccc2)cc(Cl)cc1,-6.2615665477967966
O=C(NC(C(=O)O)(C)C)N,-0.6816671974660091
Clc1cc2Oc3c(Oc2cc1)cccc3,-6.395353542806882
O=C(N(C(=O)CC#N)C)NC,-0.316506955391461
Brc1cc(Cl)c(OP(SCCC)(=O)OCC)cc1,-4.945341810497459
O=C1N(C)c2nc(C)c(C)nc2C(=O)N1,-2.3168803231902433
OC1C2(C)C(C)(C)C(C1N)CC2,-2.4727330235148948
O=C(Nc1ccccc1)C(Oc1cc2c(cc1)cccc2)C,-4.617523862703427
Clc1c(Cl)cc(Cl)cc1-c1c(Cl)ccc(Cl)c1,-7.553021592916525
Clc1c(c(Cl)c(Cl)cc1Cl)-c1c(Cl)c(Cl)cc(Cl)c1,-8.557937201815305
Clc1c(Cl)c(Cl)c(c(Cl)c1Cl)-c1c(Cl)c(Cl)ccc1Cl,-9.067938410844285
Clc1c(Cl)c(Cl)c(c(Cl)c1Cl)-c1c(Cl)c(Cl)c(Cl)cc1Cl,-9.472102157024981
O=[N+]([O-])c1oc(/C=N/N(C(=O)N)CC(O)CCCC)cc1,-2.822002144540213
Brc1cc(S(=O)(=O)O)c2ncccc2c1,-1.5906616811599215
Clc1c(Cl)cc(Cl)c(OCC(=O)O)n1,-2.713860896340208
Clc1c(Cl)ccc(Oc2ccccc2)c1,-5.626901614633804
O=C(O)C(NCC(=O)O)Cc1ccc(O)cc1,-1.4060956943014602
O=C(NC(=O)/C(=N/OC)/C#N)NCC,-1.5173490954950428
S(=O)(=O)(O)c1c(O)c2c(c(N)ccc2)cc1,-1.9558911239896049
Clc1c(C(O)(c2cncnc2)c2ccc(Cl)cc2)cccc1,-3.674475622123741
S(C(C(=O)O)c1ccccc1)CC,-1.9319215492203146
S(=O)(=O)(O)c1ccc(NC(=O)c2c(O)cc3c(c2)cccc3)cc1,-3.6842343648398947
C(Cc1[nH]ccn1)(C)C,-1.2061264027546739
Clc1c(C)c(Cl)cc(C2=NNC(=O)C=C2)c1,-3.9345385230112973
ClC1(Cl)C(C(=O)OC(C#N)c2cc(Oc3ccccc3)ccc2)(c2ccc(OCC)cc2)C1,-6.923083985301505
S(CC)C=1N(N)C(=O)C(C(C)(C)C)=NN=1,-2.6595701773207887
Clc1c(Oc2ccc(Cl)cc2)cc(Cl)cc1,-6.4839164080940135
OC(C=C)CCC,-0.6367431117719238
Clc1c(c(Cl)ccc1Cl)-c1cc(Cl)cc(Cl)c1,-7.3391369434842835
S(=O)(=O)(Oc1cc2C(C)(C)COc2cc1)CC,-3.6470078838986337
O=C1N(C(C)C)/C(=N/C(C)(C)C)/SCN1c1ccccc1,-3.6847546761780343
Clc1cc(N(C(=O)C2CC2)C2C(=O)OCC2)ccc1,-4.4150240431655545
Clc1c(c(Cl)c(Cl)cc1Cl)-c1cc(Cl)c(Cl)c(Cl)c1,-8.50502813238339
Clc1c(c(Cl)ccc1Cl)-c1c(Cl)cccc1,-6.622842538428858
BrC(Br)=C(Br)C(=O)O,-1.0192511997540967
Clc1sc(C(=O)OCc2ccccc2)c(C(F)(F)F)n1,-4.004713703119299
Clc1c(c(Cl)c(Cl)cc1Cl)-c1c(Cl)cccc1,-7.399583411392511
Fc1ccc(C(=O)C2CCN(CCN3C(=O)Nc4c(C3=O)cccc4)CC2)cc1,-3.4482545671302898
S(=O)(=O)(NC(=O)Nc1nc(OC)nc(C)n1)c1c(C(=O)OC)cccc1,-3.0728796081186043
Clc1c(Cl)cccc1-c1c(C#N)c[nH]c1,-4.891470197731852
P(=O)(OCC)(OCC)Cc1ccc(-c2sc3c(n2)cccc3)cc1,-4.405738738068496
[SH0](=O)(COC(=O)c1c(OC(=O)C)cccc1)C,-2.268907552530064
N(N)c1ncnc2nccnc12,-1.8438377359531666
O=C(NC)c1ncnc2[nH]cnc12,-1.876780624867826
O=C(O)c1c(C2=NC(C(C)C)(C)C(=O)N2)nccc1,-2.4695937736926106
O=C(NCCCCCCCC)c1cnccc1,-3.2842169842826916
O/N=C/1\c2ncccc2/C(=N\O)/C=C\1,-2.9354668852418206
Clc1c(F)c(Cl)cc(NC(=O)NC(=O)c2c(F)cccc2F)c1F,-6.06139095965923
Clc1ccc(/C=C(\C(O)C(C)(C)C)/n2ncnc2)cc1,-4.496246014007464
Clc1c(OC(F)(F)C(F)F)c(Cl)cc(NC(=O)NC(=O)c2c(F)cccc2F)c1,-6.067037480143339
O=C(OC(C)C)Nc1cc(OCC)c(OCC)cc1,-4.18619072494948
O(Cc1c(C)cccc1)C1C2(C)OC(C(C)C)(C1)CC2,-4.388450561491242
Clc1ccc(/C(=N\OCC2OCCO2)/C(F)(F)F)cc1,-4.246551671169758
O=C1OCc2c1cc(C#N)cc2,-2.8884790339142223
Clc1ccc(C(O)(C(C)C2CC2)Cn2ncnc2)cc1,-4.933549479552568
O=C(CC)n1ncc2C(=O)NC=Nc12,-2.5365077784497356
O=C(NCCCCCCCCCCCCCC)C(O)C,-3.7143017012437607
ClC(Cl)C(=O)N1C(C)COc2c1cccc2,-2.569276865750849
O=C(OCCCCCCCCC)c1cnccc1,-4.185786096383133
O/N=C/1\C(=N/O)\CCC(C(CC)(C)C)C\1,-3.0935241845292443
Clc1cc2ncc(Oc3ccc(O[C@@H](C(=O)OCC)C)cc3)nc2cc1,-5.1660407757985825
Clc1c(Oc2cc(F)c(NC(=O)NC(=O)c3c(F)cccc3F)cc2)ccc(C(F)(F)F)c1,-6.708203106130242
O(C)c1nc2nccnc2cn1,-1.5835820522072008
O=C(OCOc1c(C(=O)N)cccc1)CCC,-2.8639221340566547
O=C(O)C1CC(=O)C(=C(O)C2CC2)C(=O)C1,-2.563396384694838
S(=O)(=O)(N)c1sc2S(=O)(=O)CCC(=O)c2c1,-2.420554658566036
O=C(NC(C)(C)C)COC(=O)c1ccccc1,-2.9910868942561577
O=C(N(CCCC)CCCC)COC(=O)c1ccccc1,-3.6624183045136665
O=C(O)C(CCCCCCC(=O)O)(c1ccccc1)c1ccccc1,-3.020089126584523
BrC(F)(F)Oc1ccc(C(COCc2cc(Oc3ccccc3)ccc2)(C)C)cc1,-6.5080559816995045
O=C(N)C(NC(=O)COC(=O)c1ccccc1)C,-2.02218975613541
ClC(Cl)=C[C@@H]1[C@@H](C(=O)OCc2c(F)c(F)cc(F)c2F)C1(C)C,-6.235110707406214
S(=O)(=O)(N)c1scc(C(=O)c2ccc(C)cc2)c1,-4.120722763000222
S(=O)(=O)(NC(=O)Nc1nc(OC)cc(OC)n1)c1n(C)ncc1-c1nn(C)nn1,-3.0140526010898685
N(c1nc(C)cc(C2CC2)n1)c1ccccc1,-5.116592266393279
S(=O)(=O)(NC(=O)Nc1nc(OC)cc(OC)n1)c1c(S(=O)(=O)CC)cccn1,-2.5290785551161195
O=C(OC)c1c(OC)c(OC)ccc1C(=O)O,-1.817832483875738
Brc1c(NC(=O)c2c(C(F)(F)F)nc(C)s2)c(Br)cc(OC(F)(F)F)c1,-5.267730110362628
O=C(NC1(N)C(N)=NC(=O)N1)N,-2.637528855479849
O=C(OC)/C(=N/OC)/c1c(COc2c(C)cccc2)cccc1,-4.562953452878417
Clc1ccc(S(=O)(=O)C2(C(OC(C)(C)C)=O)CC2)cc1,-5.194236297059772
Clc1c(Oc2cc(Cl)ccc2)ccc(Cl)c1,-6.28458115214522
S(=O)(=O)(c1ccc([N+](=O)[O-])cc1)C1(C(=O)OC(C)C)CCCCCC1,-4.393964425433431
Clc1c(-c2nnc(-c3c(F)cccc3F)nn2)cccc1,-4.756908807101565
Clc1c(S(=O)(=O)N)cc(C(=O)O)c(NCc2occc2)c1,-2.7732379310455064
O=[N+]([O-])c1oc(/C=N/NC(=O)N)cc1,-2.700134583819548
O=C(N)C=1C(=O)[C@@]2(O)C(O)=C3C(=O)c4c(O)cccc4[C@](O)(C)C3CC2[C@H](N(C)C)C=1O,-2.2856143448385846
ClC(Cl)C(c1ccc(Cl)cc1)c1ccc(Cl)cc1,-6.866747781113384
O=[N+]([O-])C,0.27980770268036714
O=C(N)C=C,-0.1611583107558654
O=C(OCCCC)c1c(C(=O)OCc2ccccc2)cccc1,-4.801957715289818
Clc1c(O)c(Cl)ccc1,-1.742363445999891
Oc1c(C(C)C)ccc(C)c1,-2.2099273898677927
Clc1cc2c(cc1)cccc2,-4.657966350814
s1c2c(nc1)cccc2,-1.735641310759548
C(=C)(C)c1ccccc1,-3.194183178604684
O=[N+]([O-])c1ccc(C)cc1,-3.059977323174836
ClCC#CCOC(=O)Nc1cc(Cl)ccc1,-4.239231798086001
N(CCCC)(CCCC)CCCC,-3.595868460569974
OCC#C,0.8851508396504792
Cc1nc(C)ccc1,-0.208366804774188
Cc1ccccc1,-1.8347697603974709
N1CCCCC1,0.665751542871273
OCCCCCCCCCC,-3.5781454943425315
OCC(CO)(CO)CO,-0.3087063329107087
Clc1c(C(=O)O)cccc1,-1.8644474182094481
O=C(OCCC)c1cc(O)c(O)c(O)c1,-2.5418822942675514
O=C(CCC)CCC,-1.595507496680131
BrN1C(=O)CCC1=O,-1.4741921098386934
O=C(OCC)CC(=O)C,-0.3033674293682953
O(CCOCCO)CCOCCCC,-0.30798507824775223
ClCCN(N=O)C(=O)NCCCl,-1.7535652855955393
n1c2c3c(ccc2cc2c1ccc1c2cccc1)cccc3,-6.807144779013031
O(C)c1c(O)ccc(CO)c1,-0.9514254505666659
C(C(=C)C)(=C)C,-2.347301203640746
O(C)c1cc2c([C@@H](O)[C@H]3N4CC(CC)C(C3)CC4)ccnc2cc1,-3.0517258186041394
S(=O)(=O)(O)c1c(C(=O)O)ccc(N)c1,-0.8315969007046669
O=C(Oc1c(O)c(O)cc(C(=O)O)c1)c1cc(O)c(O)c(O)c1,-3.1672318999775717
O=C(O)CC(=O)C,0.3810350895620189
OC(C(C)C)CC,-0.8630102570796443
Cc1c(C)ccnc1,-0.4779456581813437
Oc1cc(C(C)(C)C)ccc1,-3.0760901640963567
O=C(OC[C@@H]1[C@@H](OC(=O)C)[C@H](OC(=O)C)[C@@H](OC(=O)C)[C@H](OC(=O)C)O1)C,-2.16827010208594
O=[N+]([O-])Nc1ccccc1,-1.511676722653355
Clc1c(Cl)c(Cl)cc([N+](=O)[O-])c1Cl,-5.421185004521844
O=C(O)/C=C/c1ccc(C)cc1,-3.137609080499853
SCCCCCCC,-4.275786248297676
C(CN1CCCCC1)N1CCCCC1,-0.8043635310747819
Cc1ncnc2[nH]cnc12,-1.1933909830280054
ClC(C(Cl)C)C,-2.189590006054595
O=C(O)c1ccc(OCCCCCCCCCCCC)cc1,-6.0295405939872
O=C(OCCCCCCCCCCCC)c1c(C(=O)OCCCCCCCCCCCC)cccc1,-7.13282781822741
Clc1c(Cl)c(Cl)c2Oc3c(Cl)c(Cl)c(Cl)c(Cl)c3Oc2c1Cl,-10.361313058797972
BrC1=C(O)C(=O)C=CC=C1,-1.6747845998840842
S(C(C(=O)O)CC(=O)O)C(C(=O)O)CC(=O)O,-0.9010852959598181
O=C(O)c1ccc(NC(=O)c2cnccc2)cc1,-3.134431264313327
S(C)c1ccc(OP(=O)(OCCC)OCCC)cc1,-3.98540133917061
O=C1N=C2NC(=O)NC=C2N1,-3.2940596165935143
O=C(OCCC)CCOCCC,-1.9034027429219271
Ic1c(O)ccc(C(=O)OCCC)c1,-3.452719909064718
O=C(NCC(=O)NCC(=O)O)N,-1.243988747238404
O/N=C\1/C(=N/O)/CCC(C(C)C)C/1,-2.404850395876604
S(=O)(=O)(NC=1C(=O)c2c(C(=O)C=1)cccc2)c1ccc(N)cc1,-4.013492406461784
Brc1cc(C)c(NC(=O)C)cc1,-2.777861977730627
O(C)c1nc(NC(CC)C)nc(NCC)n1,-2.782163490141459
N(c1ccccc1)=C1C=CC(=N)C=C1,-3.63647794446511
Clc1cc(Cl)cc(N2C(=O)N(C(=O)NC(C)C)CC2=O)c1,-3.4279666031016554
Clc1c(Oc2cc(C(=O)O)c([N+](=O)[O-])cc2)ccc(C(F)(F)F)c1,-5.1175414918457935
O=C(O)C(NCCC#N)C(C)C,-0.7392426174409008
Clc1c(c(Cl)c(Cl)cc1Cl)-c1c(Cl)cc(Cl)c(Cl)c1,-8.53324793919261
O=C1C(CC(C)C)(CCCC)C(=O)NC(=O)N1,-2.8878618741607593
FC(F)(F)Oc1ccc(C(O)(C(C)C)c2cncnc2)cc1,-3.01167819914209
O=[N+]([O-])c1cc2C(=O)OC(C)c2cc1,-2.933118923205202
O=[N+]([O-])c1c(N=Nc2ccc(N(CCO)CCO)cc2)ccc([N+](=O)[O-])c1,-5.18677723906097
O=C1OC(C(C)C)c2c1cccc2,-2.9489138649973534
Clc1c(Cl)cc(c(Cl)c1)-c1c(Cl)cccc1,-6.715974742634314
O=C(OC)C1CN(CCCCCC)C(=O)C1,-2.0354663779942213
O(/N=C(\C#N)/c1ccccc1)CC1OCCO1,-2.931720578323486
Clc1c(OC(C(=O)O)C)cccc1,-1.7921088658149635
Clc1c(Cl)cccc1NC(=O)c1ccc(OCOCC)cc1,-5.928974139600822
Fc1c(N2CCNCC2)cc2N(C3CC3)C=C(C(=O)O)C(=O)c2c1,-4.0203179511324425
BrC(Br)=C(Cl)C(=O)O,-0.963980164925208
BrC1=C(C(C)C)C=C(O)C(=O)C=C1,-2.8520173192428024
O=C(O)C=1C(=O)NC=2N(C)C(=O)N(C)C(=O)C=2N=1,-2.0329968902918623
Clc1c(OC2CCCC2)cc(N2C(=O)C(=C(C)C)OC2=O)c(F)c1,-6.306873196156063
N(C(CC)C)CC,-0.3601055202060506
O=[N+]([O-])c1ccc(/C=C(\NC=O)/C(=O)OCC)cc1,-3.6485752810024463
Clc1c(Cl)cc(Cl)cc1Oc1ccccc1,-6.294183083338889
