SELFIES,true_LC50[-LOG(mol_L)],guessed_LC50[-LOG(mol_L)]
[C][=C][C][=Branch1][#Branch1][=C][C][=C][Ring1][=Branch1][N][S][=Branch1][C][=O][=Branch1][C][=O][N][C][=C][N][=C][C][=Branch1][Ring2][=N][Ring1][=Branch1][Cl],3.43,3.43
[C][=C][C][=Branch1][#Branch1][=C][C][=C][Ring1][=Branch1][N][S][=Branch1][C][=O][=Branch1][C][=O][N][C][=C][C][=C][Branch1][Branch1][N][=N][Ring1][=Branch1][Cl],4.44,4.44
[C][=C][C][=Branch1][#Branch1][=C][C][=C][Ring1][=Branch1][N][S][=Branch1][C][=O][=Branch1][C][=O][N][C][=Branch1][C][=N][N],3.23,3.23
[C][C][=C][C][=N][C][=Branch1][Ring2][=N][Ring1][=Branch1][N][S][=Branch1][C][=O][=Branch1][C][=O][C][=C][C][=C][Branch1][Branch1][C][=C][Ring1][=Branch1][N],3.11,3.11
[C][C][=N][N][=C][Branch1][Ring2][S][Ring1][Branch1][N][S][=Branch1][C][=O][=Branch1][C][=O][C][=C][C][=C][Branch1][Branch1][C][=C][Ring1][=Branch1][N],3.71,3.71
[C][C][=C][Branch2][Ring1][O][O][C][=Branch1][Ring2][=N][Ring1][Branch1][N][S][=Branch1][C][=O][=Branch1][C][=O][C][=C][C][=C][Branch1][Branch1][C][=C][Ring1][=Branch1][N][C],3.72,3.72
[C][=C][C][=Branch1][#Branch1][=C][C][=C][Ring1][=Branch1][N][S][=Branch1][C][=O][=Branch1][C][=O][N],2.82,2.82
[C][C][N][Branch1][Ring1][C][C][C][C][S][C][C][=Branch1][C][=O][O][C@@H1][C][C@@][Branch2][Ring2][Ring2][C@H1][Branch2][Ring1][#C][C@@H1][Branch2][Ring1][#Branch2][C@@][C][C][C@H1][Branch2][Ring1][C][C@@][Ring1][#Branch2][Branch1][N][C@@H1][Ring1][=Branch1][C][=Branch1][C][=O][C][C][Ring1][#Branch2][C][C][C][O][Branch1][C][C][C][=C],6.3,6.3
[C][C][C][S][=Branch1][C][=O][C][=C][C][=C][C][=Branch1][Ring2][=C][Ring1][=Branch1][N][=C][Branch1][Ring2][NH1][Ring1][=Branch1][N][C][=Branch1][C][=O][O][C],3.95,3.95
[C][=C][C][=Branch2][Ring1][#Branch2][=C][Branch1][Branch2][C][=Branch1][Ring2][=C][Ring1][=Branch1][Cl][C][N][C][=N][C][=C][Ring1][Branch1][N][=C][N][=C][Ring1][=Branch1][N][F],4.53,4.53
[C][C][=C][Branch1][S][C][=Branch1][N][=C][Branch1][Branch2][C][=Branch1][Ring2][=N][Ring1][=Branch1][C][Cl][O][Cl],3.89,3.89
[C][C][O][C][=C][C][=Branch1][N][=C][C][=C][Ring1][=Branch1][C][=Branch1][C][=O][O][C][N][C][=Branch1][C][=O][C],4.25,4.25
[C][C][N][Branch2][Ring1][O][C][C][C][C][=Branch1][C][=O][N][C][C][C][Branch1][Branch1][C][C][Ring1][=Branch1][C][=Branch1][C][=O][N][Branch1][C][C][C][C@@H1][Branch1][C][C][C][C][=C][C][=C][Branch1][Branch1][C][=C][Ring1][=Branch1][O][C],3.94,3.94
[C][=C][C][=Branch2][Ring1][O][=C][C][=C][Ring1][=Branch1][/C][=N][/N][C][=Branch1][C][=N][N][/N][=C][/C][=C][C][=C][Branch1][Branch1][C][=C][Ring1][=Branch1][Cl][Cl],6.43,6.43
[C][C][Branch1][C][C][Branch1][C][C][N][C][C][Branch2][Ring1][=Branch2][C][=C][C][=Branch1][N][=C][Branch1][Branch2][C][=Branch1][Ring2][=C][Ring1][=Branch1][Cl][N][C][Branch1][C][F][Branch1][C][F][F][O],4.73,4.73
[C][C][Branch1][=C][C][C][C][=C][C][=C][Branch1][Branch1][C][=C][Ring1][=Branch1][O][N][C][C][Branch1][N][C][=C][C][=C][Branch1][Branch1][C][=C][Ring1][=Branch1][O][O],3.84,3.84
[C][C][=C][N][=C][Branch1][Ring2][S][Ring1][Branch1][/N][=C][Branch2][Ring1][#Branch2][/C][=C][Branch2][Ring1][Ring2][C][=C][C][=C][C][=C][Ring1][=Branch1][S][=Branch1][C][=O][=Branch1][C][=O][N][Ring1][N][C][O][\O],4.77,4.77
[C][C][=C][Branch2][Ring1][#Branch2][C][=C][C][=C][Ring1][=Branch1][N][C][=C][Branch1][#Branch2][C][=C][Branch1][Branch1][C][=N][Ring1][=Branch1][O][C][=Branch1][C][=O][O][C][Branch1][C][F][Branch1][C][F][F],5.59,5.59
[C][=C][C][=Branch2][Ring1][#C][=C][C][=Branch1][Ring2][=C][Ring1][=Branch1][N][C][=Branch1][C][=O][N][C][=C][C][=C][C][=Branch1][Ring2][=C][Ring1][=Branch1][C][=N][C][C][N][Ring1][Branch1][C][=N][C][C][N][Ring1][Branch1],3.84,3.84
[C][N][Branch1][P][C][C][=C][C][=Branch1][#Branch2][=C][C][=Branch1][Branch1][=C][Ring1][=Branch1][N][Br][Br][C][C][C][C][C][C][Ring1][=Branch1],5.4,5.4
[C][O][C][=Branch1][C][=O][N][=N][C][=C][C][=N+1][Branch1][=N][C][=C][C][=C][C][=C][Ring1][=Branch1][N][Ring1][#Branch2][O][O-1],3.42,3.42
[C][=C][C][=C][C][=Branch1][Ring2][=C][Ring1][=Branch1][N][=C][Branch2][Ring1][S][N][Ring1][=Branch1][C][=C][C][N][Branch1][Branch1][C][C][Ring1][=Branch1][C][C][C][C][=Branch1][C][=O][C][=C][C][=C][Branch1][Branch1][C][=C][Ring1][=Branch1][F][O],4.21,4.21
[C][C][N][Branch1][Ring1][C][C][C][C][=Branch1][C][=O][N][C][=C][Branch1][C][C][C][=C][C][=C][Ring1][#Branch1][C],3.87,3.87
[C][C][C][C][=C][C][=Branch1][=Branch2][=N][C][=Branch1][Ring2][=N][Ring1][=Branch1][S][O],3.24,3.24
[C][N][C@H1][C][C][C@@H1][Branch1][#C][C][=C][C][=C][Branch1][C][Cl][C][Branch1][C][Cl][=C][Ring1][Branch2][C][=C][Ring1][=C][C][=C][C][=C][Ring1][=Branch1],5.56,5.56
[C][N][Branch1][C][C][C][C][Branch1][=N][C][=C][C][=C][Branch1][Branch1][C][=C][Ring1][=Branch1][O][C][C][Branch1][Branch2][C][C][C][C][C][Ring1][=Branch1][O],3.76,3.76
[C][N][Branch1][C][C][C][C][C][=C][C][=C][C][=C][C][=C][Ring1][=Branch1][C][C][C][=C][Ring1][O][C][=C][C][=C][Ring1][=Branch1],5.99,5.99
[C][=C][C][=C][Branch2][Ring1][S][C][=Branch1][Ring2][=C][Ring1][=Branch1][C][=N][C][Branch2][Ring1][Ring1][C][=Branch1][C][=O][N][C][=C][Ring1][Branch2][C][=C][Branch1][Branch1][C][=C][Ring1][=Branch1][Cl][O][Cl],6.52,6.52
[C][N][Branch1][C][C][C][C][C][C][Branch1][P][O][C][C][=C][Ring1][Branch1][C][=C][C][=Branch1][Ring2][=C][Ring1][=Branch1][C][#N][C][=C][C][=C][Branch1][C][F][C][=C][Ring1][#Branch1],3.93,3.93
[C][C][=C][C][=C][Branch1][Ring2][S][Ring1][Branch1][N][C][=C][C][=C][C][=C][Ring1][=Branch1][N][=C][Ring1][N][N][C][C][N][Branch1][Branch1][C][C][Ring1][=Branch1][C],5.38,5.38
[C][=C][C][=Branch2][Ring1][#C][=C][C][=C][Ring1][=Branch1][C@@H1][C][C][N][C][C@H1][Ring1][=Branch1][C][O][C][=C][C][=C][C][=Branch1][Ring2][=C][Ring1][=Branch1][O][C][O][Ring1][=Branch1][F],4.88,4.88
[C][N][Branch1][C][C][C][C][C][N][C][=C][C][=C][C][=C][Ring1][=Branch1][C][C][C][=C][Ring1][O][C][=C][Branch1][Branch1][C][=C][Ring1][=Branch1][Cl],5.49,5.49
[C][N][Branch1][C][C][C][C][/C][=C][/C][=C][C][=C][C][=C][Ring1][=Branch1][C][O][C][=C][\-Ring1][O][C][=C][C][=C][Ring1][=Branch1],4.95,4.95
[C][=C][C][=C][Branch1][Branch1][C][=C][Ring1][=Branch1][C][=N][C][C][=Branch2][Ring1][Ring1][=N][C][=C][Ring1][#Branch1][C][=C][Branch1][Branch1][C][=C][Ring1][=Branch1][N+1][=Branch1][C][=O][O-1][O],4.99,4.99
[C][/N][=C][/C][N+1][=Branch2][Ring1][#Branch2][=C][Branch1][#C][C][=C][C][=Branch1][=Branch2][=C][C][=C][Ring1][=Branch1][N][\-Ring1][O][Cl][C][=C][C][=C][C][=C][Ring1][=Branch1][O-1],5.72,5.72
[C][C][C][=Branch1][C][=O][N][Branch2][Ring1][Branch1][C][C][C][N][Branch1][O][C][C][C][=C][C][=C][C][=C][Ring1][=Branch1][C][C][Ring1][=C][C][=C][C][=C][C][=C][Ring1][=Branch1],5.12,5.12
[C][=C][C][=C][Branch2][Ring1][Ring1][C][=Branch1][Ring2][=C][Ring1][=Branch1][C][Branch1][=Branch2][C][C][C][C][C][Ring1][=Branch1][=O][N][Cl],3.59,3.59
[C][N][C][C][N][C][Branch1][Ring2][C][Ring1][=Branch1][C][=C][C][=C][C][=C][Ring1][=Branch1][C][C][=C][C][Branch1][C][O][=C][N][=C][Ring1][P][Ring1][#Branch1],3.97,3.97
[N][C@H1][C][C][C@@H1][Branch1][#C][C][=C][C][Branch1][C][Cl][=C][Branch1][C][Cl][C][=C][Ring1][Branch2][C][=C][C][=C][C][=C][Ring2][Ring1][C][Ring1][=Branch1],5.46,5.46
[C][C][C][C][C][C][=C][C][=C][Branch2][Ring1][=Branch1][C][C][=C][Branch1][S][C][C][C][Ring1][=Branch1][C][Branch1][Ring2][O][Ring1][#Branch2][Branch1][C][C][C][C][C][=Branch1][Ring2][=C][Ring1][P][O],5.76,5.76
[C][O][C][=Branch1][C][=O][C@@H1][C][C][C][C][Branch1][=Branch1][C][C@@H1][Ring1][#Branch1][O][N][Ring1][Branch2][C],2.84,2.84
[C][C][N][Branch1][Ring1][C][C][C][=Branch1][C][=O][C][C][N][Branch2][Ring1][Branch2][C][C][C][=C][N][C][=C][C][=C][C][=Branch1][=Branch1][=C][Ring1][=Branch2][Ring1][=Branch1][C][Ring1][N][=C][Ring1][S][C],5.32,5.32
[C][C][=C][C][=C][Branch1][Branch1][C][=C][Ring1][=Branch1][C][=Branch1][C][=O][C][Branch1][C][C][N][C][C][C][C][Ring1][Branch1],4.16,4.16
[C][C][=C][C][=Branch1][C][=O][NH1][C][=Branch1][C][=S][NH1][Ring1][Branch2],2.45,2.45
[C][O][C][=N][C][Branch1][C][N][=N][C][Branch1][C][C][=N][Ring1][Branch2],1.57,1.57
[C][C][=C][C][=C][Branch1][Branch2][C][=Branch1][Ring2][=C][Ring1][=Branch1][C][N][Branch1][C][C][C][=N],3.89,3.89
[C][=Branch1][=C][=N][C][=Branch1][=Branch2][=N][C][=Branch1][Ring2][=N][Ring1][=Branch1][Cl][N][N],1.35,1.35
[C][C][O][C][N][Branch1][=C][C][=Branch1][C][=O][C][S][Branch1][C][O][=Branch1][C][=O][=O][C][=C][Branch1][C][C][C][=C][C][=C][Ring1][#Branch1][C][C],3.37,3.37
[C][C][C][=C][C][=C][C][Branch1][C][C][=C][Ring1][#Branch1][N][C][Branch1][C][C][C][O][C][C][Ring1][#Branch1][=O],3.78,3.78
[C][=C][C][=C][Branch1][Branch1][C][=C][Ring1][=Branch1][C][=Branch1][C][=N][N],3.54,3.54
[C][N][C][C][N][Branch1][Branch1][C][Ring1][Branch1][=O][C],1.88,1.88
[O][=C][C][=C][C][=C][N][N][N][=C][Ring1][=Branch2][Ring1][Branch1],3.26,3.26
[C][N][C][=Branch1][C][=O][C][S][P][=Branch1][C][=O][Branch1][Ring1][O][C][O][C],3.17,3.17
[C][C][=Branch1][C][=O][N][P][=Branch1][C][=O][Branch1][Ring1][O][C][S][C],3.28,3.28
[C][/C][=Branch1][Branch2][=C][\C][=Branch1][Ring1][=N][\C][\O][/O][P][=Branch1][C][=O][Branch1][Ring1][O][C][O][C],4.24,4.24
[C][O][P][=Branch1][C][=S][Branch1][Ring1][O][C][O][C][=C][C][Branch1][C][C][=C][Branch1][Ring1][S][C][C][=C][Ring1][=Branch2],5.05,5.05
[C][C][O][C][N][Branch1][#Branch1][C][=Branch1][C][=O][C][Cl][C][=C][Branch1][Ring1][C][C][C][=C][C][=C][Ring1][Branch2][C],4.74,4.74
[C][C][N][Branch1][Ring1][C][C][C][=Branch1][C][=O][C][Branch1][C][C][O][C][=C][C][=C][C][=C][C][Ring1][=Branch1][=C][C][=C][Ring1][#Branch2],5.06,5.06
[C][C][O][C][=Branch1][C][=O][N][C][=C][C][=C][C][Branch1][#C][O][C][=Branch1][C][=O][N][C][=C][C][=C][C][=C][Ring1][=Branch1][=C][Ring1][S],4.82,4.82
[C][N][Branch1][C][C][C][C][S][S][S][C][Ring1][=Branch1],4.11,4.11
[C][=C][C][N][Branch1][Ring2][C][C][=C][C][=Branch1][C][=O][C][Branch1][C][Cl][Cl],4.82,4.82
[N][C][C][C][=Branch1][C][=C][C][=C][C][Branch1][C][O][=C][Ring1][=Branch1],2.69,2.69
[C][Branch1][=Branch2][C][C][N][C][=Branch1][C][=N][N][C][N],3.25,3.25
[C][=C][C][=C][Branch1][Branch1][C][=C][Ring1][=Branch1][/N][=N][/C][=C][C][=C][C][=C][C][Ring1][=Branch1][=C][C][=C][Ring1][#Branch2][O],5.35,5.35
[C][C@H1][Branch2][Ring1][=Branch1][C][=Branch1][C][=O][N][C][C][Branch1][=Branch2][S][C][Ring1][Ring2][Branch1][C][C][C][Branch1][C][C][C][N][C][=Branch1][C][=O][C@H1][Branch1][#Branch1][C][C][=Branch1][C][=O][O][N],3.47,3.47
[C][=C][C][=Branch1][#Branch2][=C][Branch1][=Branch1][C][=C][Ring1][=Branch1][N][Cl][Cl],4.3,4.3
[Cl][C][=C][C][=C][C][Branch1][C][Cl][=C][Ring1][#Branch1][N][C][=C][C][=C][C][=C][Ring1][=Branch1][C][C][=Branch1][C][=O][O][C][C][=Branch1][C][=O][O],5.72,5.72
[C][C][Branch1][C][C][Branch1][#Branch2][/C][=N][/O][C][=Branch1][C][=O][N][C][S][C],5.14,5.14
[C][C][Branch1][C][C][Branch1][#Branch2][/C][=N][/O][C][=Branch1][C][=O][N][C][S][=Branch1][C][=O][=Branch1][C][=O][C],4.65,4.65
[C][C][Branch1][C][C][Branch1][#Branch2][/C][=N][/O][C][=Branch1][C][=O][N][C][S+1][Branch1][C][C][O-1],3.71,3.71
[F][C][=C][C][=C][Branch1][Branch1][C][=C][Ring1][=Branch1][C][Branch1][C][O][C][C][C][N][C][C][N][Branch1][=Branch2][C][=N][C][=C][C][=C][Ring1][=Branch1][C][C][Ring1][N],3.16,3.16
[C][C][N][Branch2][Ring1][Branch2][C][C][N][Ring1][=Branch1][C][C][C][C][=Branch1][C][=O][C][=C][C][=C][Branch1][Branch1][C][=C][Ring1][=Branch1][F][C][=C][C][=C][C][=N][Ring1][=Branch1],3.93,3.93
[C][C][C][=Branch1][C][=O][O][C][C][=Branch1][C][=O][C@][Branch2][Ring2][=N][C@H1][Branch2][Ring2][Branch2][C][C@@H1][C@@][Ring1][Branch1][Branch2][Ring1][#C][C][C@@H1][Branch2][Ring1][=Branch2][C@][Branch2][Ring1][Ring2][C@H1][Ring1][=Branch1][C][C][C][=C][C][=Branch1][C][=O][C][=C][C@@][Ring1][#Branch1][Ring1][O][C][Cl][O][C][C][O][C][=Branch1][C][=O][C][C],4.72,4.72
[Cl][C][=C][C][=C][C][S][C][=Branch1][C][=O][N][Branch1][=Branch1][C][=Ring1][=Branch1][Ring1][#Branch2][C][C][=Branch1][C][=O][O],3.52,3.52
[C][C][O][C][=Branch1][C][=O][C][C][N][Branch1][=Branch1][C][Branch1][C][C][C][S][N][Branch1][C][C][C][=Branch1][C][=O][O][C][=C][C][=C][C][=Branch1][Ring2][=C][Ring1][=Branch1][C][C][Branch1][Ring2][C][Ring1][=Branch1][Branch1][C][C][C],6.05,6.05
[C][C][C][C][N][C][=Branch1][C][=O][N][C][=C][C][=C][C][=C][Ring1][=Branch1][N][=C][Ring1][=Branch2][N][C][=Branch1][C][=O][O][C],5.15,5.15
[C][C][C][O][C][=C][C][=C][C][=C][Ring1][=Branch1][N][Ring1][#Branch2][C][=Branch1][C][=O][C][Branch1][C][Cl][Cl],4.78,4.78
[C][C][Branch1][C][C][O][P][=Branch1][C][=S][Branch1][#Branch1][O][C][Branch1][C][C][C][S][C][C][N][S][=Branch1][C][=O][=Branch1][C][=O][C][=C][C][=C][C][=C][Ring1][=Branch1],5.44,5.44
[Cl][C][=C][C][=C][Branch1][Ring1][O][C][C][=Branch1][=Branch1][=C][Ring1][Branch2][O][C][C][=Branch1][Branch1][=N][\O][C][C][\O][C][=Branch1][C][=O][C][=C][C][=C][C][=C][Ring1][=Branch1],6.9,6.9
[C][O][C][=Branch1][C][=O][C][=C][Branch2][Ring1][Branch2][C][=C][C][=Branch1][Ring2][=C][Ring1][=Branch1][O][C][=C][Branch1][#Branch2][C][=C][Branch1][Branch1][C][=C][Ring1][=Branch1][Cl][Cl][N+1][=Branch1][C][=O][O-1],6.17,6.17
[C][C][Branch1][C][C][Branch1][C][C][C][Branch2][Ring1][=C][C][Branch1][Branch2][N][C][=N][C][=N][Ring1][Branch1][O][C][=C][C][=C][Branch1][Branch1][C][=C][Ring1][=Branch1][C][=C][C][=C][C][=C][Ring1][=Branch1][O],5.85,5.85
[Br][C][=C][C][=Branch1][#Branch2][=C][C][Branch1][C][Br][=C][Ring1][#Branch1][N][C][Branch1][C][O][C][N][C][Branch1][C][C][Branch1][C][C][C],4.08,4.08
[C][C][Branch1][C][C][N][/C][=Branch1][#Branch2][=N][/C][Branch1][C][C][Branch1][C][C][C][/S][C][N][Branch1][Branch1][C][Ring1][O][=O][C][=C][C][=C][C][=C][Ring1][=Branch1],5.3,5.3
[C][C][C][Branch1][C][C][N][C][=C][Branch2][Ring1][=Branch1][C][=C][Branch1][#Branch2][C][=C][Ring1][=Branch1][N+1][=Branch1][C][=O][O-1][C][Branch1][C][C][Branch1][C][C][C][N+1][=Branch1][C][=O][O-1],6.99,6.99
[C][C][C][Branch1][C][C][S][P][=Branch1][C][=O][Branch1][Ring2][O][C][C][S][C][Branch1][C][C][C][C],4.93,4.93
[C][C][O][C][=Branch1][C][=O][C][Branch2][Ring2][Ring2][C][C][=C][C][=Branch1][#Branch2][=C][Branch1][=Branch1][C][=C][Ring1][=Branch1][Cl][F][N][C][=Branch1][C][=O][N][Branch1][Branch2][C][=Branch1][Ring2][=N][Ring1][=Branch1][C][C][Branch1][C][F][F][Cl],6.85,6.85
[C][C][O][C][=Branch1][C][=O][C][=C][C][=C][C][=C][Ring1][=Branch1][S][=Branch1][C][=O][=Branch1][C][=O][N][C][=Branch1][C][=O][N][C][=N][C][=Branch1][=Branch2][=C][C][=Branch1][Ring2][=N][Ring1][=Branch1][Cl][O][C],4.83,4.83
[C][C][=N][C][=Branch1][#Branch2][=N][C][=Branch1][Ring2][=N][Ring1][=Branch1][O][C][N][C][=Branch1][C][=O][N][S][=Branch1][C][=O][=Branch1][C][=O][C][=C][C][=C][C][=C][Ring1][=Branch1][Cl],4.05,4.05
[C][C][Branch1][C][C][Branch1][C][C][C][N][C][Branch1][C][O][C][=C][C][=C][Branch1][C][N][C][Branch1][Ring1][C][#N][=C][Ring1][=Branch2],3.41,3.41
[C][C][C][Branch1][C][C][Branch1][C][C][N][C][C][Branch1][C][O][C][=C][C][Branch1][C][Cl][=C][Branch1][C][N][C][Branch1][C][Cl][=C][Ring1][=Branch2],4.6,4.6
[C][C][C][=Branch1][C][=O][O][C@@][Branch2][Ring2][=N][C@H1][Branch2][Ring2][Branch2][C][C@@H1][C@@][Ring1][Branch1][Branch2][Ring1][#C][C][C@@H1][Branch2][Ring1][=Branch2][C@][Branch2][Ring1][Ring2][C@H1][Ring1][=Branch1][C][C][C][=C][C][=Branch1][C][=O][C][=C][C@@][Ring1][#Branch1][Ring1][O][C][F][O][C][C][C][=Branch1][C][=O][C][Cl],4.66,4.66
[C][C@H1][Branch1][=Branch2][C][=Branch1][C][=O][O][C][C][#C][O][C][=C][C][=C][Branch1][Branch1][C][=C][Ring1][=Branch1][O][C][=C][Branch1][#Branch2][C][=C][Branch1][Branch1][C][=N][Ring1][=Branch1][Cl][F],5.4,5.4
[C][C][C][C][C][C][Branch1][C][C][O][C][=Branch1][C][=O][C][O][C][=C][C][=Branch1][=Branch2][=C][Branch1][Branch1][C][=C][Ring1][=Branch1][Cl][C][=C][C][=N][Ring1][#Branch2],6.17,6.17
[S][=P][Branch1][=C][O][C][=C][C][=C][Branch1][Ring1][C][#N][C][=C][Ring1][Branch2][Branch1][Ring2][O][C][C][C][=C][C][=C][C][=C][Ring1][=Branch1],6.09,6.09
[C][C][C][C][=Branch1][Branch1][=N][O][C][C][C][=C][Branch2][Ring1][C][C][C][Branch1][=Branch1][C][C][Ring1][=Branch1][=O][C][C][C][C][S][C][Ring1][=Branch1][O],5.01,5.01
[C][C][Branch1][=Branch1][C][C][C][Ring1][Ring1][C][Branch1][=Branch2][C][N][C][=N][C][=N][Ring1][Branch1][Branch1][N][C][=C][C][=C][Branch1][Branch1][C][=C][Ring1][=Branch1][Cl][O],5.06,5.06
[C][C][=C][C][=Branch1][P][=N][C][=Branch1][Ring2][=N][Ring1][=Branch1][N][C][=C][C][=C][C][=C][Ring1][=Branch1][C][C][C][Ring1][Ring1],4.61,4.61
[C][C][S][C][C][S][P][=Branch1][C][=O][Branch1][Ring1][O][C][O][C],4.05,4.05
[S][Branch2][Ring1][Branch1][C][=N][C][=Branch1][=C][=N][C][=Branch1][Ring2][=N][Ring1][=Branch1][N][C][Branch1][C][C][C][N][C][C],3.82,3.82
[C][C][O][P][=Branch1][C][=S][Branch1][Ring2][O][C][C][O][C][=C][Branch1][#Branch2][C][=C][Branch1][Branch1][C][=C][Ring1][=Branch1][Cl][Cl],6.18,6.18
[C][C][N][Branch1][Ring1][C][C][C][=Branch1][C][=O][N][C][C][N][Branch1][Branch1][C][C][Ring1][=Branch1][C],2.36,2.36
[S][Branch2][Ring1][O][C][=N][C][=Branch2][Ring1][C][=N][C][=Branch1][Ring2][=N][Ring1][=Branch1][N][C][Branch1][C][C][C][Branch1][C][C][C][N][C][C][C],4.21,4.21
[C][C][=N][C][=C][Branch1][Branch1][N][Ring1][Branch1][C][N+1][=Branch1][C][=O][O-1],3.61,3.61
[C][C][C][O][C][=Branch1][C][=O][C][=C][C][=C][C][=C][Ring1][=Branch1][C][=Branch1][C][=O][O][C][C][C],4.9,4.9
[C][C][S][C][C][=C][C][=C][C][=C][Ring1][=Branch1][O][C][=Branch1][C][=O][N][C],4.48,4.48
[O][=C][Branch2][Ring1][Ring2][O][C][=C][C][=C][C][=C][Ring1][=Branch1][C][S][=Branch1][C][=O][=Branch1][C][=O][C][C][N][C],3.86,3.86
[O][=C][Branch1][P][O][C][=C][C][=C][C][=C][Ring1][=Branch1][C][S][=Branch1][C][=O][C][C][N][C],3.24,3.24
[C][C][O][C][=C][Branch1][P][C][=C][C][=Branch1][Ring2][=C][Ring1][=Branch1][C][Branch1][C][C][Branch1][C][C][C][C][C][O][C][=Branch1][Ring2][=N][Ring1][Branch1][C][=C][Branch1][Branch2][C][=C][C][=C][Ring1][=Branch1][F][F],6.67,6.67
[C][C][O][P][=Branch1][C][=O][Branch1][#Branch1][N][C][Branch1][C][C][C][O][C][=C][C][=Branch1][#Branch2][=C][Branch1][Branch1][C][=C][Ring1][=Branch1][S][C][C],4.62,4.62
[C][=C][C][=C][Branch2][Ring1][S][C][=Branch1][Ring2][=C][Ring1][=Branch1][C][Branch1][N][C][=C][C][=C][Branch1][Branch1][C][=C][Ring1][=Branch1][Cl][Branch1][=Branch2][C][=C][N][=C][N][=C][Ring1][=Branch1][O][Cl],3.49,3.49
[C][=C][C][=C][Branch1][Branch1][C][=C][Ring1][=Branch1][C][Branch1][=C][C][C][C][=C][C][=C][Branch1][Branch1][C][=C][Ring1][=Branch1][Cl][Branch1][=Branch2][C][N][C][=N][C][=N][Ring1][Branch1][C][#N],5.68,5.68
[C][C][O][C][=Branch1][C][=O][C][Branch1][C][C][O][C][=C][C][=C][Branch1][Branch1][C][=C][Ring1][=Branch1][O][C][=N][C][=C][Branch1][Ring2][O][Ring1][Branch1][C][=C][Branch1][Branch1][C][=C][Ring1][#Branch1][Cl],4.8,4.8
[O][=S][=Branch1][C][=O][Branch2][Ring1][#Branch2][C][=C][Branch2][Ring1][Ring2][C][=C][Branch1][N][O][P][=Branch1][C][=O][Branch1][Ring1][O][C][O][C][C][=C][Ring1][=N][C][C],3.13,3.13
[C][=C][C][=Branch1][N][=C][Branch1][Branch2][C][=Branch1][Ring2][=C][Ring1][=Branch1][Cl][Cl][C][=C][N][C][=C][Ring1][Branch1][C][#N],5.9,5.9
[C][C][Branch2][Ring2][Branch2][C][Branch1][Branch2][C][Ring1][Ring1][Branch1][C][C][C][C][=Branch1][C][=O][O][C][Branch1][Ring1][C][#N][C][=C][C][=Branch1][=Branch1][=C][C][=C][Ring1][=Branch1][O][C][=C][C][=C][C][=C][Ring1][=Branch1][C],6.26,6.26
[O][=P][Branch1][Ring1][O][C][Branch1][Ring1][O][C][O][C][=C][C][=C][Branch1][Ring1][S][C][C][=Branch1][Ring2][=C][Ring1][Branch2][C],3.99,3.99
[C][O][C][=C][C][=Branch2][Ring2][#Branch1][=N][C][=Branch1][Ring2][=N][Ring1][=Branch1][N][C][=Branch1][C][=O][N][S][=Branch1][C][=O][=Branch1][C][=O][C][=C][Branch1][#Branch1][C][=C][C][=N][Ring1][=Branch1][C][Branch1][C][F][Branch1][C][F][F][O][C],4.26,4.26
[C][N][C][=C][Branch2][Ring1][=N][C][=Branch1][C][=O][C][=Branch1][Ring2][=C][Ring1][#Branch1][C][=C][C][=Branch1][=Branch1][=C][C][=C][Ring1][=Branch1][C][Branch1][C][F][Branch1][C][F][F][C][=C][C][=C][C][=C][Ring1][=Branch1],6.76,6.76
[C][=C][C][=C][C][=Branch1][Ring2][=C][Ring1][=Branch1][N][C][=Branch1][Ring2][=N][Ring1][=Branch1][C][=C][C][=C][O][Ring1][Branch1],5.13,5.13
[C][C][O][C][C][N][Ring1][=Branch1][C][C][C][N][Branch1][Branch2][C][=Branch1][C][=O][O][Ring1][=Branch1][N][=C][C][=C][C][=C][Branch1][Ring2][O][Ring1][Branch1][N+1][=Branch1][C][=O][O-1],3.65,3.65
[C][C][C][C][O][C][=Branch1][C][=O][N][Branch1][C][C][S][N][Branch1][C][C][C][=Branch1][C][=O][O][C][=C][C][=C][C][=C][Ring1][=Branch1][O][C][Branch1][Ring2][C][Ring1][Branch1][Branch1][C][C][C],5.45,5.45
[C][C][Branch1][C][C][C][=Branch1][C][=O][O][C][Branch1][C][C][O][C][=Branch1][C][=O][N][C][C][Branch1][Branch2][C][C][C][C][C][Ring1][=Branch1][C][C][=Branch1][C][=O][O],4.13,4.13
[C][C][O][C][C][O][C][=Branch1][C][=O][C][Branch1][C][C][O][C][=C][C][=C][Branch1][Branch1][C][=C][Ring1][=Branch1][O][C][=C][Branch1][P][C][=C][Branch1][Branch1][C][=N][Ring1][=Branch1][C][Branch1][C][F][Branch1][C][F][F][Cl],5.45,5.45
[Cl][C][=C][C][=C][Branch1][Branch1][C][=C][Ring1][=Branch1][C][S][C][=Branch1][C][=O][N][Branch1][=C][C][=Branch1][C][=O][N][C][C][C][C][C][C][Ring1][=Branch1][C][Ring1][#C][C],5.44,5.44
[C][N][C][=Branch1][Branch2][=C][N][=C][Ring1][Branch1][C][O][N+1][=Branch1][C][=O][O-1],3.79,3.79
[C][C][=C][C@@H1][C@][Branch1][S][C][C@@H1][Ring1][=Branch1][O][C][=Branch1][C][=O][C][C][Branch1][C][C][C][Branch2][Ring1][=N][C@][Branch2][Ring1][Branch2][C@@H1][Branch2][Ring1][Ring1][C@H1][Branch1][#C][C@H1][Branch1][Branch2][C@][Ring1][Branch1][C][O][Ring1][Ring1][O][Ring2][Ring1][Ring1][O][O][C][C][O][C][=Branch1][C][=O][C],3.92,3.92
[O-1][N+1][=Branch1][C][=O][C][=C][N][=C][Branch1][Branch1][N][Ring1][Branch1][C][C][Branch1][C][O][Branch1][C][C][C],3.19,3.19
[Cl][C][=C][C][=Branch1][#Branch2][=C][C][Branch1][C][Cl][=C][Ring1][#Branch1][N][C][Branch1][C][O][C][N][C][Branch1][C][C][Branch1][C][C][C][O],3.73,3.73
[O-1][N+1][=Branch1][C][=O][C][=C][N][=C][Branch1][#Branch1][N][Ring1][Branch1][C][C][O][C][O],3.03,3.03
[C][C][Branch1][Ring1][C][O][C][=N][C][=C][Branch1][Branch1][N][Ring1][Branch1][C][N+1][=Branch1][C][=O][O-1],3.39,3.39
[C][C][O][P][=Branch1][C][=S][Branch1][#Branch1][N][C][Branch1][C][C][C][O][C][=C][C][=C][C][=C][Ring1][=Branch1][C][=Branch1][C][=O][O][C][Branch1][C][C][C],6.42,6.42
[C][N][Branch1][C][C][C][=C][C][=C][Branch1][Branch1][C][=C][Ring1][=Branch1][C][Branch1][=Branch2][C][=C][C][=C][C][=C][Ring1][=Branch1][Branch1][S][C][=C][C][=C][Branch1][Branch1][C][=C][Ring1][=Branch1][N][Branch1][C][C][C][O],4.38,4.38
[Cl][C][=C][C][=Branch1][P][=C][C][=Branch1][Branch1][=C][Ring1][=Branch1][N][C][Branch1][C][F][Branch1][C][F][F][C][Branch1][C][O][C][N][C][Branch1][C][C][Branch1][C][C][C][C],4.92,4.92
[C][N][Branch1][=Branch2][C][=C][C][=C][C][=C][Ring1][=Branch1][C][=Branch1][C][=O][C][O][C][=N][C][=C][C][=C][C][=C][Ring1][=Branch1][S][Ring1][=Branch2],4.52,4.52
[O][=C][Branch1][Ring1][O][C][/C][=Branch1][=N][=C][/O][P][=Branch1][C][=S][Branch1][Ring1][O][C][O][C][C],4.88,4.88
[C][C][Branch1][=N][C][=Branch1][C][=O][C][=C][C][=C][C][=C][Ring1][=Branch1][N][C],3.67,3.67
[O][=C][Branch1][Ring2][S][C][C][N][C][C][C][C][C][Ring1][=Branch1],3.62,3.62
[C][C][N][Branch1][=N][C][C][=C][N][=C][Branch1][Branch1][C][=C][Ring1][=Branch1][Cl][/C][=Branch1][#Branch1][=C][/N+1][=Branch1][C][=O][O-1][/N][C],4.24,4.24
[C][=C][Branch1][=N][O][C][=Branch1][Ring2][=C][Ring1][Branch1][N+1][=Branch1][C][=O][O-1][/C][=N][/N][C][=Branch1][C][=O][N],4.57,4.57
[C][C][O][P][=Branch1][C][=S][Branch1][Ring2][O][C][C][O][N][=C][Branch1][Ring1][C][#N][C][=C][C][=C][C][=C][Ring1][=Branch1],5.07,5.07
[C][C][N][Branch1][Ring1][C][C][C][C][O][C][=Branch1][C][=O][C][=C][C][=C][Branch1][Branch1][C][=C][Ring1][=Branch1][N],3.58,3.58
[O][=C][Branch2][Ring1][N][N][Branch2][Ring1][Ring1][C][C][O][C][=C][Branch1][C][Cl][C][=C][Branch1][C][Cl][C][=C][Ring1][Branch2][Cl][C][Branch1][C][C][C][N][C][=C][N][=C][Ring1][Branch1],5.96,5.96
[C][C][O][C][=Branch1][C][=O][C][Branch1][C][C][O][C][=C][C][=C][C][=Branch1][Ring2][=C][Ring1][=Branch1][O][C][=C][N][=C][C][=C][Branch1][C][Cl][C][=C][C][Ring1][#Branch1][=N][Ring1][O],5.4,5.4
[O][=C][C][C][Branch1][=Branch2][C][C][Branch1][Ring2][S][C][C][C][C][C][=Branch1][C][=O][C][Ring1][=N][\C][=Branch1][Branch1][=N][\O][C][C][C][C][C],4.93,4.93
[C][C][=Branch1][C][=O][N][C][=C][C][=C][Branch1][Branch1][C][=C][Ring1][=Branch1][S][=Branch1][C][=O][=Branch1][C][=O][N][C][=C][C][=C][Branch1][Branch1][C][=C][Ring1][=Branch1][N+1][=Branch1][C][=O][O-1],4.09,4.09
[O][=C][Branch1][S][N][C][=N][C][=Branch1][=Branch2][=N][C][=Branch1][Ring2][=N][Ring1][=Branch1][C][C][N][S][=Branch1][C][=O][=Branch1][C][=O][C][=C][C][=C][C][=C][Ring1][=Branch1][C][=Branch1][C][=O][O][C],3.71,3.71
[C][C][=C][C@@H1][C@][Branch1][S][C][C@@H1][Ring1][=Branch1][O][C][=Branch1][C][=O][C][C][Branch1][C][C][C][Branch2][Ring2][C][C@][Branch2][Ring1][=N][C@@H1][Branch2][Ring1][Ring1][C@H1][Branch1][#C][C@H1][Branch1][Branch2][C@@][Ring1][Branch1][C][O][Ring1][Ring1][O][Ring2][Ring1][Ring1][O][O][C][=Branch1][C][=O][C][C][C][O][C][=Branch1][C][=O][C],4.78,4.78
[C][C][C][=N][N][Branch2][Ring1][S][C][=Branch1][Branch1][=C][Ring1][Branch1][Cl][C][=Branch1][C][=O][N][C][C][=C][C][=C][Branch1][Branch1][C][=C][Ring1][=Branch1][C][Branch1][C][C][Branch1][C][C][C][C],6.06,6.06
[C][C][=C][C][=Branch2][Ring1][=Branch1][=C][Branch1][Branch2][C][=Branch1][Ring2][=C][Ring1][=Branch1][Cl][O][P][=Branch1][C][=S][Branch1][Ring1][O][C][O][C][Cl],5.64,5.64
[O][=S][=Branch1][C][=O][Branch2][Ring1][Branch2][N][Branch1][#Branch2][S][C][Branch1][C][Cl][Branch1][C][Cl][F][C][=C][C][=C][Branch1][Branch1][C][=C][Ring1][=Branch1][C][N][Branch1][C][C][C],5.21,5.21
[C][C][C][N][Branch1][Ring2][C][C][C][C][=Branch1][C][=O][S][C][C][C],4.3,4.3
[O][=C][Branch1][N][N][N][=C][C][Branch1][C][C][Branch1][C][C][C][N][Branch1][C][N][C][Ring1][Branch2][=O],2.81,2.81
[C][C][Branch1][C][C][N][C][C][Branch2][Ring1][Ring2][C][=C][C][=C][Branch1][Branch1][C][=C][Ring1][=Branch1][N][S][=Branch1][C][=O][=Branch1][C][=O][C][O],2.92,2.92
[C][C][Branch1][C][C][N][C][C][Branch1][P][C][O][C][=C][C][=C][C][=C][C][=C][C][=C][Ring1][=Branch1][Ring1][#Branch2][O],4.87,4.87
[C][O][C][C][C][=C][C][=C][Branch1][=C][O][C][C][Branch1][C][O][C][N][C][Branch1][C][C][C][C][=C][Ring1][#C],3.02,3.02
[N][C][=C][C][=C][Branch1][Branch1][C][=C][Ring1][=Branch1][S][=Branch1][C][=O][=Branch1][C][=O][N][C][=N][C][=C][C][=N][Ring1][=Branch1],2.87,2.87
[C][Branch2][Ring1][#Branch1][S][Branch1][S][N][C][=N][C][=Branch1][=Branch2][=C][C][=Branch1][Ring2][=N][Ring1][=Branch1][C][C][=Branch1][C][=O][=O][=C][C][=C][Branch1][C][N][C][=C][Ring2][Ring1][Ring1],3.26,3.26
[C][Branch2][Ring1][Ring2][N][S][Branch1][N][C][=C][C][=C][Branch1][C][N][C][=C][Ring1][#Branch1][=Branch1][C][=O][=O][=C][C][=Branch1][#Branch2][=N][C][=Branch1][Ring2][=N][Ring1][P][O][C][O][C],3.28,3.28
[C][Branch1][S][S][Branch1][=Branch2][N][C][=N][C][=C][S][Ring1][Branch1][=Branch1][C][=O][=O][=C][C][=C][Branch1][C][N][C][=C][Ring1][S],3.55,3.55
[N][Branch2][Ring1][#Branch1][C][=C][Branch1][#Branch1][C][=C][C][=C][Ring1][=Branch1][C][=C][C][=C][Ring1][O][C][=C][C][=C][Ring1][=Branch1][C][Branch1][C][N][=O],4.04,4.04
[C][=Branch1][Branch2][=C][C][=C][C][=C][Ring1][=Branch1][C][Branch1][N][C][=Branch1][C][=O][N][C][N][C][Ring1][#Branch1][=O][C][C],2.88,2.88
[C][N][\C][Branch2][Ring1][Branch1][N][C][C][S][C][C][=C][C][=C][Branch1][#Branch1][C][N][Branch1][C][C][C][O][Ring1][=Branch2][=C][/N+1][Branch1][C][O-1][=O],4.84,4.84
[C][C][=N][C][=C][Branch1][#Branch1][N][Ring1][Branch1][C][C][O][N+1][Branch1][C][O-1][=O],3.29,3.29
[C][Branch1][S][C][C][=C][Branch1][#Branch2][N][=C][Branch1][C][N][N][=C][Ring1][#Branch1][N][=C][C][=Branch1][=C][=C][Branch1][Ring1][O][C][C][=Branch1][Ring2][=C][Ring1][P][O][C][O][C],3.64,3.64
[C][=C][Branch2][Ring1][=Branch1][C][=Branch1][=Branch1][=C][C][=C][Ring1][=Branch1][N][C][=C][Branch1][Branch2][C][=C][C][=C][Ring1][=Branch1][Cl][Cl][C][C][=Branch1][C][=O][O],5.67,5.67
[C][C][Branch2][Ring1][Branch1][C][=C][C][=C][Branch1][Branch1][C][=C][Ring1][=Branch1][C][=C][Branch1][Branch1][C][=C][Ring1][Branch2][O][C][C][=Branch1][C][=O][O],5.09,5.09
[C][Branch1][#Branch2][C@@H1][Branch1][=Branch1][C][Branch1][C][O][=O][C][=C][C][=C][Branch1][#Branch1][C][C][Branch1][C][C][C][C][=C][Ring1][#C],5.31,5.31
[C][C][Branch1][C][C][Branch1][=N][O][C][=C][C][=C][Branch1][C][Cl][C][=C][Ring1][#Branch1][C][Branch1][C][O][=O],4.02,4.02
[C][C][Branch2][Ring1][#Branch1][C][=C][C][=C][C][=Branch1][Ring2][=C][Ring1][=Branch1][C][=Branch1][C][=O][C][=C][C][=C][C][=C][Ring1][=Branch1][C][=Branch1][C][=O][O],5.08,5.08
[C][O][C][=C][C][=C][Branch1][Branch1][C][=C][Ring1][=Branch1][N][Branch1][S][C][=Branch1][C][=O][C][=C][C][=C][Branch1][C][Cl][C][=C][Ring1][#Branch1][C][Branch1][C][C][=C][Ring1][P][C][C][Branch1][C][O][=O],6.26,6.26
[C][=Branch1][#C][=C][Branch1][#Branch1][C][=C][C][=C][Ring1][=Branch1][C][Branch1][C][O][=O][N][C][=C][Branch1][#Branch2][C][=Branch1][=Branch1][=C][C][=C][Ring1][=Branch1][C][C],5.54,5.54
[C][Branch2][Ring1][S][C][Branch2][Ring1][O][N][C][C][C][=C][C][=C][Branch1][=C][O][C][Branch1][=Branch1][C][Branch1][C][O][=O][Branch1][C][C][C][C][=C][Ring1][=N][=O][=C][C][=C][Branch1][C][Cl][C][=C][Ring2][Ring1][=Branch2],4.62,4.62
[C][C][C][C][C][O][C][Branch1][Ring2][O][Ring1][Branch1][Branch1][=Branch2][C][N][C][=N][C][=N][Ring1][Branch1][C][=C][Branch1][#Branch2][C][=C][Branch1][Branch1][C][=C][Ring1][=Branch1][Cl][Cl],5.01,5.01
[C][Branch1][N][C][Branch1][Branch2][N][Branch1][Ring1][C][C][C][C][=O][=C][C][Branch1][C][C][=C][C][=C][Ring1][=C],3.61,3.61
[C][Branch1][=N][C][Branch1][=Branch2][C][=C][C][=C][C][=C][Ring1][=Branch1][=O][=C][Branch1][O][C][=C][Branch1][Ring1][O][C][C][=C][Ring1][S][O],5.17,5.17
[C][C][N][C][=C][Branch1][=Branch1][C][Branch1][C][O][=O][C][=Branch1][C][=O][C][=C][C][Branch1][C][F][=C][Branch1][#Branch1][C][=C][Ring1][#C][Ring1][#Branch1][N][C][C][N][C][C][Ring1][=Branch1],4.65,4.65
[C][Branch1][P][S][Branch1][#Branch2][N][C][=C][C][=C][C][=N][Ring1][=Branch1][=Branch1][C][=O][=O][=C][C][=C][Branch1][C][N][C][=C][Ring1][P],2.93,2.93
[C][C][=Branch1][C][=O][N][C][C][=Branch1][C][=O][N][Branch1][=Branch2][C][=C][C][=C][C][=C][Ring1][=Branch1][N][Branch1][C][C][C][=Ring1][=N][C],4.12,4.12
[C][C][=Branch1][C][=O][N][C][=C][C][=C][Branch1][C][O][C][=C][Ring1][#Branch1],2.55,2.55
[C][Branch1][C][C][=Branch1][C][=O][N][C][=C][C][=C][Branch1][Branch1][C][=C][Ring1][=Branch1][S][=Branch1][C][=O][=Branch1][C][=O][N][C][=N][C][=Branch1][#Branch2][=C][C][=Branch1][Ring2][=N][Ring1][=Branch1][O][C][O][C],3.48,3.48
[O][=S][=Branch1][C][=O][Branch1][P][C][=C][C][=C][Branch1][Branch1][C][=C][Ring1][=Branch1][N][C][=Branch1][C][=O][C][N][C][=N][C][=Branch1][=Branch2][=C][C][=Branch1][Ring2][=N][Ring1][=Branch1][C][C],3.46,3.46
[C][=N][C][Branch2][Ring1][=Branch2][N][S][Branch1][P][C][=C][C][=C][Branch1][Branch1][C][=C][Ring1][=Branch1][N][C][Branch1][C][C][=O][=Branch1][C][=O][=O][=N][C][=C][Ring2][Ring1][Ring2],2.78,2.78
[C][=Branch1][S][=C][C][=C][Branch1][#Branch1][N][C][=Branch1][C][=O][C][C][=C][Ring1][#Branch2][S][=Branch1][C][=O][Branch1][=Branch2][N][C][=N][C][=C][S][Ring1][Branch1][=O],3.67,3.67
[C][=C][Branch2][Ring1][Branch2][C][Branch2][Ring1][Ring1][N][Branch1][=Branch1][C][Branch1][C][C][C][S][Branch1][Ring2][N][Ring1][=Branch2][=Branch1][C][=O][=O][=O][C][=C][C][=C][Ring1][S],3.33,3.33
[C][C][=C][S][C][=Branch2][Ring1][Ring2][=C][Ring1][Branch1][N][Branch1][Branch2][C][Branch1][C][C][C][O][C][C][=Branch1][C][=O][C][Cl][C],4.14,4.14
[C][=C][C][=C][C][=C][Ring1][=Branch1][C][N][Branch1][=N][C][=Branch1][C][=O][C][Branch1][C][C][Branch1][C][C][C][C][Branch1][C][C][C],4.19,4.19
[O][C][=C][Branch1][=Branch1][N+1][Branch1][C][O-1][=O][C][=C][Branch1][=Branch1][N+1][Branch1][C][O-1][=O][C][=C][Ring1][N][C][Branch1][C][C][C][C],6.12,6.12
[C][Branch2][Ring2][O][C][Branch1][#Branch2][C][Branch1][=Branch1][C][C][C][Ring1][=Branch1][=O][C][Branch2][Ring1][#Branch2][C][=C][Branch1][P][C][=C][Branch1][Branch1][C][=C][Ring1][=Branch1][S][=Branch1][C][=O][=Branch1][C][=O][C][N+1][=Branch1][C][=O][O-1][=O][=O],4.5,4.5
[S][Branch1][Ring2][C][=C][C][C][Branch1][C][C][=C][Ring1][Branch1][N][Branch1][#Branch2][C][=Branch1][C][=O][C][=Branch1][C][=O][O][C][Branch1][Ring2][C][O][C][C],4.06,4.06
[S][Branch1][Ring2][C][=C][C][C][Branch1][C][C][=C][Ring1][Branch1][N][Branch1][=C][C][=Branch1][C][=O][C][S][=Branch1][C][=O][=Branch1][C][=O][O][C][Branch1][Ring2][C][O][C][C],3.63,3.63
[C][=Branch1][=C][=C][Branch1][#Branch2][C][=C][Branch1][C][Cl][C][=C][Ring1][#Branch1][C][O][C][C][Branch1][C][O][=O],3.76,3.76
[C][=Branch1][S][=N][C][=Branch1][=Branch2][=N][C][=Branch1][Ring2][=N][Ring1][=Branch1][Cl][N][C][C][N][C][C],3.91,3.91
[C][C][=C][C][=C][C][Branch1][Ring1][C][C][=C][Ring1][Branch2][N][Branch1][Branch2][C][Branch1][C][C][C][O][C][C][Branch1][=Branch1][C][Branch1][C][O][=O][=O],4.53,4.53
[O][=C][C][Branch1][C][\Br][=C][Branch1][#C][/N][C][=Branch1][C][=O][N][Ring1][Branch2][C][Branch1][Ring1][C][C][C][C],3.35,3.35
[Cl][C][=C][Branch1][Branch2][O][C][C][Branch1][C][O][=O][C][=C][C][Branch1][C][Cl][=C][Ring1][N],3.99,3.99
[C][C][C][=C][C][=C][C][=Branch2][Ring1][Ring2][=C][Ring1][=Branch1][N][Branch1][Branch2][C][Branch1][C][C][C][O][C][C][=Branch1][C][=O][C][Cl][C],4.59,4.59
[N][Branch1][=N][C][=C][Branch1][Branch2][C][=C][C][=C][Ring1][=Branch1][C][C][Branch1][=Branch2][C][N][C][=C][C][=N][Ring1][Branch1][C][Branch1][Ring1][C][Cl][=O],4.83,4.83
[C][C][Branch1][S][O][C][=C][Branch1][C][Cl][C][=C][Branch1][C][Cl][C][=C][Ring1][Branch2][C][Branch1][C][O][=O],4.57,4.57
[C][=Branch2][Ring1][Branch2][=C][Branch2][Ring1][Ring1][C][=C][C][=Branch1][Ring2][=C][Ring1][=Branch1][N][C][Branch1][=Branch1][N][Branch1][C][C][C][=O][C][Cl],4.09,4.09
[C][C][C][=C][C][=C][C][Branch1][Ring1][C][C][=C][Ring1][Branch2][N][Branch1][Ring2][C][O][C][C][=Branch1][C][=O][C][Cl],4.77,4.77
[C][=Branch1][S][=C][Branch1][O][C][=Branch1][#Branch1][=C][C][=C][Ring1][=Branch1][Cl][Cl][O][C][C][Branch1][C][O][=O],4.31,4.31
[N][=Branch1][=N][=C][Branch1][=Branch2][N][=C][N][C][Branch1][C][C][C][O][C][=Branch1][Ring2][=N][Ring1][Branch2][N],2.25,2.25
[C][=Branch1][S][=N][C][=Branch1][=Branch2][=N][C][=Branch1][Ring2][=N][Ring1][=Branch1][O][N][C][C][N][C][Branch1][C][C][C],2.61,2.61
[C][Branch1][=N][N][Branch1][=Branch2][S][C][=Branch1][Ring2][=C][Ring1][Branch1][Cl][C][=O],3.7,3.7
[S][Branch1][C][C][C][=Branch1][#Branch1][=N][C][=Branch1][C][=N][N][N][=C][Ring1][Ring2][N][C][Branch1][C][C][Branch1][C][C][C],3.81,3.81
[C][=Branch1][S][=N][C][=Branch1][=Branch2][=N][C][=Branch1][Ring2][=N][Ring1][=Branch1][Cl][N][C][C][N][C][Branch1][C][C][Branch1][C][C][C],4.23,4.23
[N][Branch1][=Branch1][C][=Branch1][C][=O][N][C][=C][C][=C][Branch1][Branch1][C][=C][Ring1][=Branch1][C][Branch1][C][C][C],3.69,3.69
[C][=Branch1][#C][=C][C][=C][Branch1][=Branch1][C][Branch1][C][C][C][C][=C][Ring1][=Branch2][N][C][Branch1][=Branch1][N][Branch1][C][C][C][=O],4.14,4.14
[C][=Branch1][=C][=N][C][=Branch1][=Branch2][=N][C][=Branch1][Ring2][=N][Ring1][=Branch1][Cl][N][N][C][C],2.66,2.66
[C][=Branch1][S][=N][C][=Branch1][=Branch2][=N][C][=Branch1][Ring2][=N][Ring1][=Branch1][Cl][N][C][C][N][C][Branch1][C][C][C],4.19,4.19
[C][=Branch1][=C][=C][C][=Branch1][=Branch2][=C][Branch1][C][Cl][C][=C][Ring1][#Branch1][Cl][N][C][Branch1][C][N][=O],3.93,3.93
[O][=C][C][C][C][C][=Branch1][C][=O][C][Ring1][#Branch1][C][=Branch1][C][=O][C][=C][C][=C][Branch1][=Branch2][S][=Branch1][C][=O][=Branch1][C][=O][C][C][=C][Ring1][#Branch2][Cl],4.72,4.72
[C][=Branch2][Ring1][Branch2][=C][Branch2][Ring1][Ring1][C][=C][C][=Branch1][Ring2][=C][Ring1][=Branch1][N][C][Branch1][=Branch1][N][Branch1][C][C][C][=O][Cl][Cl],4.29,4.29
[C][=Branch1][=C][=C][C][=Branch1][=Branch2][=C][Branch1][C][Cl][C][=C][Ring1][#Branch1][Cl][N][C][Branch1][Ring1][N][C][=O],4.28,4.28
[S][Branch1][#Branch2][N][C][=C][C][=C][C][=C][Ring1][=Branch1][Branch1][=Branch1][N][Branch1][C][C][C][=Branch1][C][=O][=O],3.02,3.02
[C][Branch2][Ring1][Ring1][S][Branch1][N][N][C][C][=C][Branch1][C][C][O][N][=Ring1][=Branch1][=Branch1][C][=O][=O][=C][C][=C][Branch1][C][N][C][=C][Ring1][P],3.81,3.81
[C][=Branch1][S][=C][C][=C][Branch1][Branch1][C][=C][Ring1][=Branch1][N][C][Branch1][C][C][=O][S][Branch1][N][N][C][C][=C][Branch1][C][C][O][N][=Ring1][=Branch1][=Branch1][C][=O][=O],3.98,3.98
[N][Branch1][#Branch2][C][Branch1][=Branch1][C][=C][S][Ring1][Branch1][=O][C][C][C][C][C][C][C][C],5.25,5.25
[C][=C][Branch1][#Branch1][C][=C][C][=C][Ring1][=Branch1][S][NH1][C][Ring1][=Branch2][=O],3.31,3.31
[C][=Branch2][Ring1][#Branch1][=N][C][Branch1][#Branch2][N][C][Branch1][C][C][Branch1][C][C][C][=N][C][=Branch1][Ring2][=N][Ring1][O][S][C][N][C][C][C][Ring1][Ring1],4.31,4.31
[C][=C][Branch1][P][N][Branch1][=N][C][=Branch1][C][=O][N][Branch1][Branch1][C][Ring1][#Branch1][=O][C][C][N][=C][N][Ring1][=N][C],2.92,2.92
[N][Branch2][Ring1][Branch1][C][=Branch1][C][=O][N][C][=C][C][=C][Branch1][Branch1][C][=C][Ring1][=Branch1][C][Branch1][C][C][C][C],4.12,4.12
[N][Branch1][#Branch2][C][Branch1][=Branch1][O][C][C][#C][I][=O][C][C][C][C],6.13,6.13
[C][=Branch1][P][=N][C][=Branch1][#Branch2][=N][C][=Branch1][Ring2][=N][Ring1][=Branch1][S][C][N][C][C][N][C][Branch1][C][C][Branch1][C][C][C],4.15,4.15
[C][C][=C][Branch1][#Branch2][C][=C][C][=Branch1][Ring2][=C][Ring1][=Branch1][Cl][O][C][Branch1][C][C][C][=Branch1][C][=O][O],4.56,4.56
[C][Branch1][#Branch2][O][C][=C][C][=C][C][=C][Ring1][=Branch1][=C][C][=Branch1][=Branch1][=C][C][=C][Ring1][=N][C][O],3.87,3.87
[C][=Branch1][#C][=C][C][=Branch1][=Branch1][=C][C][=C][Ring1][=Branch1][C][Branch1][C][O][=O][O][C][=C][C][=C][C][=C][Ring1][=Branch1],4.49,4.49
[C][C][Branch1][C][C][Branch1][C][C][C][Branch1][=C][C][C][C][=C][C][=C][Branch1][Branch1][C][=C][Ring1][=Branch1][Cl][Branch1][=Branch2][C][N][C][=N][C][=N][Ring1][Branch1][O],4.93,4.93
[O][C][Branch1][=Branch2][C][N][C][=N][C][=N][Ring1][Branch1][Branch1][=Branch2][C][N][C][=N][C][=N][Ring1][Branch1][C][=C][Branch1][C][F][C][=C][Branch1][C][F][C][=C][Ring1][Branch2],4.17,4.17
[C][=Branch1][Ring1][=N][C][N][C][=C][Branch1][#Branch2][C][=C][Branch1][Branch1][C][=C][Ring1][=Branch1][C][C],3.66,3.66
[C][N][C][C][C][Branch1][=Branch2][C][=C][C][=C][C][=C][Ring1][=Branch1][O][C][=C][C][=C][Branch1][Branch1][C][=C][Ring1][=Branch1][C][Branch1][C][F][Branch1][C][F][F],5.36,5.36
[C][C][Branch1][C][C][O][C][=Branch1][C][=O][C][Branch1][C][C][Branch1][C][C][O][C][=C][C][=C][Branch1][Branch1][C][=C][Ring1][=Branch1][C][=Branch1][C][=O][C][=C][C][=C][Branch1][Branch1][C][=C][Ring1][=Branch1][Cl],4.95,4.95
[C][=C][C][Branch2][Ring1][N][C][=Branch1][C][=O][C][=C][C][=C][Branch1][Branch1][C][=C][Ring1][=Branch1][O][C][Branch1][=Branch1][C][=Branch1][C][=O][O][Branch1][C][C][C][=C][C][=C][Ring2][Ring1][Branch1][Cl],4.94,4.94
[C][N][N][Branch1][#Branch2][C][=Branch1][C][=O][C][=C][Ring1][=Branch1][C][C][=C][C][=C][C][=C][Ring1][=Branch1],3.95,3.95
[O][=S][=Branch1][C][=O][Branch1][=N][N][C][=C][C][=C][Branch1][C][C][C][=C][Ring1][#Branch1][N][Branch1][C][C][C],3.24,3.24
[S][=Branch1][C][=O][=Branch1][C][=O][Branch1][C][N][N][Branch1][C][C][C],1.9,1.9
[C][=C][Branch1][=Branch1][S][C][=N][Ring1][Branch1][C][=C][C][=C][Ring1][=Branch2],3.55,3.55
[O][=C][C][Branch1][C][Cl][=C][Branch1][C][Cl][S][N][Ring1][#Branch1][C][C][C][C][C][C][C][C],6.02,6.02
[C][=Branch1][P][=N][C][=Branch1][#Branch2][=N][C][=Branch1][Ring2][=N][Ring1][=Branch1][O][C][N][C][C][N][C][Branch1][C][C][Branch1][C][C][C],3.81,3.81
[C][C][N][C][=N][C][Branch1][C][O][=N][C][Branch1][#Branch2][N][C][Branch1][C][C][Branch1][C][C][C][=N][Ring1][N],2.81,2.81
[O][=S][Branch1][C][O][Branch2][Ring1][=C][C][C][Branch2][Ring1][Branch2][N][Branch1][Branch2][C][Branch1][C][C][C][O][C][C][=C][Branch1][Ring1][C][C][C][=C][C][=C][Ring1][Branch2][C][=O][=O],3.57,3.57
[C][O][C][C][O][C][C][O][C],2.43,2.43
[C][O][C][=C][Branch2][Ring2][Branch1][C][=Branch1][=Branch1][=N][C][=C][Ring1][=Branch1][C][S][=Branch1][C][=O][C][=N][C][=C][Branch1][Ring2][N][Ring1][Branch1][C][=C][Branch1][Branch1][C][=C][Ring1][#Branch1][O][C][Branch1][C][F][F][O][C],4.71,4.71
[S][Branch1][N][C][=C][C][=C][Branch1][C][N][C][=C][Ring1][#Branch1][Branch1][C][O][=Branch1][C][=O][=O],2.83,2.83
[O][S][Branch1][P][C][=C][C][=C][Branch1][#Branch1][C][=C][C][=C][Ring1][=Branch1][C][=C][Ring1][#Branch2][=Branch1][C][=O][=O],3.65,3.65
[C][C][C][Branch1][Ring1][C][C][O][C][C][=C][Branch1][#C][C][C][Branch1][#Branch2][C][Ring1][=Branch1][N][C][=Branch1][C][=O][C][N][C][=Branch1][C][=O][O][C][C],3.98,3.98
[C][C][C][Branch1][Ring1][C][C][O][C@@H1][C][=C][Branch1][#C][C][C@@H1][Branch1][#Branch2][C@H1][Ring1][=Branch1][N][C][=Branch1][C][=O][C][N][C][=Branch1][C][=O][O],3.6,3.6
[C][C][Branch1][C][C][C][=C][C][C][=Branch1][C][=O][O][C][C][Branch1][C][C][C][=Ring1][Branch2][C][=C][Ring1][N][C][Branch1][C][C][Branch1][C][C][C][Ring2][Ring1][C][C],5.83,5.83
[C][C][C][C][C][C][Branch1][#Branch2][C][Ring1][=Branch1][C][C][C][Ring1][=Branch2][=O][C][C][=Branch1][C][=C][C][=C][C][=Branch1][C][=O][C][=C][C][Ring1][P][Ring1][#Branch1][C],5.08,5.08
[F][C][=C][C][=C][Branch1][Branch1][C][=C][Ring1][=Branch1][N][Branch1][=Branch1][C][Branch1][C][C][C][C][=Branch1][C][=O][C][S][Branch1][C][O][=Branch1][C][=O][=O],3.3,3.3
[F][C][=C][C][=C][Branch1][Branch1][C][=C][Ring1][=Branch1][N][Branch1][=Branch1][C][Branch1][C][C][C][C][=Branch1][C][=O][C][Branch1][C][O][=O],4.38,4.38
[O][=S][=Branch1][C][=O][Branch1][C][O][C][C][=Branch1][C][=O][N][Branch1][=Branch2][C][=C][C][=C][C][=C][Ring1][=Branch1][C][Branch1][C][C][C],3.22,3.22
[C][C][Branch1][C][C][N][Branch1][#Branch2][C][=Branch1][C][=O][C][Branch1][C][O][=O][C][=C][C][=C][C][=C][Ring1][=Branch1],4.28,4.28
[O][C][=N][C][Branch1][Ring2][N][C][C][=N][C][Branch1][Ring2][N][C][C][=N][Ring1][N],2.29,2.29
[C][=Branch1][P][=N][C][=Branch1][#Branch2][=N][C][=Branch1][Ring2][=N][Ring1][=Branch1][O][C][N][C][C][N][C][Branch1][Ring1][C][C][C],3.71,3.71
[N][=C][Branch1][=N][N][=C][Branch1][C][Cl][N][=C][Ring1][#Branch1][N][C][C][N][C][Branch1][Ring1][C][C][C],4.23,4.23
[O][C][=C][C][=C][Branch1][=Branch2][C][Branch1][C][F][Branch1][C][F][F][C][=C][Ring1][#Branch2],4.14,4.14
[C][O][C][=C][Branch1][Ring1][O][C][C][=C][C][Branch2][Ring2][#Branch1][C][Branch1][=Branch1][C][Branch1][C][C][C][Branch1][Ring1][C][#N][C][C][C][N][Branch2][Ring1][Ring1][C][C][C][=C][C][Branch1][Ring1][O][C][=C][Branch1][Ring1][O][C][C][=C][Ring1][#Branch2][C][=C][Ring2][Ring1][#C],6.08,6.08
[C][C][Branch1][C][C][N][C][C][Branch1][C][O][C][O][C][=C][C][=C][Branch1][Branch1][C][=C][Ring1][=Branch1][C][C][=Branch1][C][=O][O],3.73,3.73
[C][=Branch1][N][=C][Branch1][Branch2][N][=N][C][=C][Ring1][=Branch1][N][O][Cl],2.88,2.88
[Cl][C][=Branch1][#Branch1][=C][Branch1][Ring1][C][=N][N][C][=Branch1][C][=O][N][Ring1][Branch1][C],3.13,3.13
[Cl][C][C][=Branch1][C][=O][N][Branch1][=Branch1][C][C][O][C][C][\C][=Branch1][=Branch1][=C][Branch1][C][\C][C][C][=C][C][=C][C][=C][Ring1][=Branch1],4.89,4.89
[C][=Branch2][Ring1][=Branch1][=C][C][=C][C][Branch1][=Branch1][C][=Branch1][C][=O][O][C][Branch1][Ring2][N][C][C][C][C][Ring1][Ring1][C][=C][Ring1][=N],4.19,4.19
[C][=Branch2][Ring1][=Branch2][=C][C][=C][N][Branch1][#Branch1][N][Branch1][Ring1][C][C][C][C][=Branch1][C][=O][C][=Ring1][=Branch1][N][Branch1][C][C][C][C][=C][Ring1][=C],3.84,3.84
[C][C][Branch1][C][C][Branch1][C][C][C][=Branch1][C][=O][O][/C][=C][Branch1][S][/C][=Branch1][C][=O][N][C][C][O][C][C][N][Ring1][#Branch1][Ring1][O][C][=C][Branch1][Ring1][C][C][C][=C][Branch1][C][C][C][=C][Ring1][=Branch2][C][C],6.93,6.93
[C][C][=C][C][=C][C][=Branch2][Ring1][Branch2][=C][Ring1][=Branch1][N][Branch1][=Branch2][C][N][C][=C][C][=N][Ring1][Branch1][C][=Branch1][C][=O][C][=Branch1][C][=O][O][C],5.14,5.14
[C][C][Branch1][C][C][N][Branch1][#Branch1][C][=Branch1][C][=O][C][Cl][C][=C][C][=C][C][=C][Ring1][=Branch1],4.06,4.06
[O][=C][Branch2][Ring1][Ring2][C][O][C][=N][N][=C][Branch1][Ring2][S][Ring1][Branch1][C][Branch1][C][F][Branch1][C][F][F][N][Branch1][N][C][=C][C][=C][Branch1][C][F][C][=C][Ring1][#Branch1][C][Branch1][C][C][C],6.19,6.19
[O][=C][Branch1][C][O][C][=C][C][=Branch1][N][=C][Branch1][C][O][C][Branch1][C][Br][=C][Ring1][Branch2][Br],4.69,4.69
[C][=Branch2][Ring1][Branch1][=C][C][=C][N][Branch1][#Branch1][N][Branch1][Ring1][C][C][C][C][=Branch1][C][=O][C][=Ring1][=Branch1][N][C][=C][Ring1][N],3.8,3.8
[N][C][=Branch1][C][=O][N][C][=C][C][=C][C][=C][Ring1][=Branch1][C][O][C][Ring1][Ring1][C][=C][C][=C][C][=C][Ring1][S][Ring1][=Branch1],4.99,4.99
[C][=C][C][N][C][=C][C][=C][C][=C][Ring1][=Branch1][\C][=C][/C][=Ring1][O][C][=C][Ring1][#C],4.79,4.79
[O][=C][C][Branch1][Ring2][\N][C][=O][=C][Branch1][C][\C][N][Branch1][C][C][N][Ring1][#Branch2][C][=C][C][=C][C][=C][Ring1][=Branch1],4.14,4.14
[C][N][Branch1][C][C][C][C][Branch1][N][C][=C][C][=C][Branch1][Branch1][C][=C][Ring1][=Branch1][O][C][Branch1][Branch2][C][C][C][C][C][Ring1][=Branch1][O],3.84,3.84
[C][C][=C][Branch2][Ring1][Branch1][N][Branch1][=C][C][Branch1][#Branch2][C][S][Branch1][C][O][=Branch1][C][=O][=O][=O][C][C][O][C][C][Branch1][C][C][=C][C][=C][Ring2][Ring1][Ring1],2.7,2.7
[C][C][=C][C][=C][C][Branch1][C][C][=C][Ring1][#Branch1][N][Branch1][Branch1][C][C][O][C][C][=Branch1][C][=O][C][Branch1][C][O][=O],3.49,3.49
[C][N][Branch1][C][C][C][=Branch1][C][=N][N][C][Branch1][C][N][=N],3.7,3.7
[H][C@][Branch1][C][N][Branch2][Ring2][C][C][S][C][C][C][C][\C][=C][Branch2][Ring1][C][/N][C][=Branch1][C][=O][C@@][Branch1][C][H][C][C][Ring1][Ring2][Branch1][C][C][C][C][Branch1][C][O][=O][C][Branch1][C][O][=O],3.47,3.47
[N][C][C][Branch1][#Branch1][C][C][Branch1][C][O][=O][C][C][C][C][C][Ring1][#Branch2],2.83,2.83
[C][C][C@H1][Branch1][=Branch1][C][=Branch1][C][=O][N][N][C][C][C][C][Ring1][Branch1][=O],2.51,2.51
[F][C][=C][N][C][=Branch1][C][=O][N][C][Ring1][#Branch1][=O],2.1,2.1
[C][O][C][=C][C][=C][C][=Branch1][Ring2][=C][Ring1][=Branch1][C@@][Branch1][C][O][C][C][C][C][C@@H1][Ring1][#Branch1][C][N][Branch1][C][C][C],3.58,3.58
[Cl][C][C][N][Branch1][Ring2][C][C][Cl][P][=Branch1][C][=O][N][C][C][C][O][Ring1][#Branch1],3.11,3.11
[C][C][C][C][C][=Branch1][C][=O][N][Branch2][Ring1][=N][C][C][=C][C][=C][Branch1][Branch1][C][=C][Ring1][=Branch1][C][=C][Branch1][#Branch1][C][=C][C][=C][Ring1][=Branch1][C][=N][N][=N][N][Ring1][Branch1][C@@H1][Branch1][=Branch1][C][Branch1][C][C][C][C][Branch1][C][O][=O],6.4,6.4
[N][C][=N][C][=Branch1][C][=O][N][Branch1][Branch1][C][=C][Ring1][#Branch1][C@@H1][O][C@H1][Branch1][Ring1][C][O][C@@H1][Branch1][C][O][C][Ring1][Branch2][Branch1][C][F][F],3.23,3.23
[N][S][=Branch1][C][=O][=Branch1][C][=O][C][=C][C][=C][Branch1][O][N][C][N][S][Ring1][=Branch1][=Branch1][C][=O][=O][C][=C][Ring1][N][Cl],3.26,3.26
[O][=C][N][C][=Branch1][C][=O][N][Branch1][Branch1][\C][=C][/\Ring1][#Branch1][C@@H1][O][C@@H1][Branch1][N][C@@H1][Branch1][C][O][C][Ring1][=Branch1][Branch1][C][F][F][C][O],3.26,3.26
[O][C][Branch2][Ring1][C][C][Branch1][N][C][=C][C][=C][Branch1][C][O][C][=C][Ring1][#Branch1][C][N][C][C][C][C][C][C][Ring1][P],3.87,3.87
[O][C][Branch2][Ring1][C][C][Branch1][=N][C][=C][C][=C][Branch1][Ring1][O][C][C][=C][Ring1][Branch2][C][N][C][C][C][C][C][Ring1][P],3.48,3.48
[C][=C][Branch2][Ring2][O][C][=C][Branch2][Ring2][Branch1][C][=Branch1][Branch1][=C][Ring1][=Branch1][Cl][N][C][=Branch2][Ring1][Branch2][=C][Branch1][=Branch2][C][=Branch1][Ring2][=N][Ring1][Branch1][C][#N][S][=Branch1][C][=O][C][Branch1][C][F][Branch1][C][F][F][N][Cl][C][Branch1][C][F][Branch1][C][F][F],6.76,6.76
[N][C][=C][Branch2][Ring1][P][C][=Branch2][Ring1][O][=N][N][Ring1][Branch1][C][=C][Branch1][C][Cl][C][=C][Branch1][=Branch1][C][=C][Ring1][#Branch1][Cl][C][Branch1][C][F][Branch1][C][F][F][C][#N][S][=Branch1][C][=O][=Branch1][C][=O][C][Branch1][C][F][Branch1][C][F][F],7.37,7.37
[F][C][Branch1][C][F][Branch1][C][F][C][=C][C][Branch1][C][Cl][=C][Branch2][Ring1][Branch2][N][N][=C][Branch1][Ring1][C][#N][C][Branch1][#Branch2][S][C][Branch1][C][F][Branch1][C][F][F][=C][Ring1][N][N][C][Branch1][C][Cl][=C][Ring2][Ring1][Branch1],7.44,7.44
[C][=C][Branch2][Ring2][#Branch1][C][=C][Branch2][Ring1][P][C][=Branch1][Branch1][=C][Ring1][=Branch1][Cl][N][C][=Branch2][Ring1][Ring2][=C][Branch1][=Branch2][C][=Branch1][Ring2][=N][Ring1][Branch1][C][#N][C][Branch1][C][F][Branch1][C][F][F][N][Cl][C][Branch1][C][F][Branch1][C][F][F],7.08,7.08
[C][=C][C][=Branch1][N][=C][C][=C][Ring1][=Branch1][C][C][=Branch1][C][=O][N][O][C][C][Branch1][Ring1][C][N][O],2.71,2.71
[Cl][C][=Branch1][Ring2][=C][C][=C][C][Branch1][C][Cl][=C][Ring1][Ring2][C][=Branch1][Branch1][=N][N][=C][N][C][=Branch1][Ring2][=N][Ring1][Ring2][N],4.76,4.76
[Cl][C][C][N][Branch1][=N][P][Branch1][Ring1][O][C][=Branch1][C][=O][N][C][C][Cl][C][C][Ring1][Branch2],2.93,2.93
[Cl][C][Branch1][Branch2][N][C][=Branch1][C][=O][C][Cl][=C][Branch1][C][Cl][C][=Ring1][Branch1],3.94,3.94
[O][Branch2][Ring1][Ring1][C][=N][C][=Branch1][=Branch2][=N][C][=Branch1][Ring2][=C][Ring1][=Branch1][C][C][Branch1][C][C][C][P][Branch1][Ring2][O][C][C][Branch1][Ring2][O][C][C][=O],4.17,4.17
[O][=C][/N][=C][Branch1][=Branch2][\N][\C][=Branch1][Ring2][=C][/\Ring1][=Branch1][C][C][Branch1][C][C][C],3.38,3.38
[C][=C][C][=C][C][=C][Ring1][=Branch1][N][Branch1][=C][C][=Branch1][C][=O][C][=Branch1][C][=O][N][Branch1][C][C][C][N][Branch1][C][C][C][=Branch1][C][=O][C],3.38,3.38
[N][=Branch2][Ring1][Ring2][=C][Branch1][S][C][Branch1][C][C][=C][O][C][=Branch1][C][=O][N][Branch1][C][C][C][C][C][=Branch1][Ring2][=N][Ring1][#Branch2][N][Branch1][C][C][C],3.48,3.48
[C][=Branch2][Ring1][Ring1][=C][C][=C][N][C][=Branch1][#Branch1][=N][C][=Branch1][C][=C][C][N][=C][Ring1][Ring2][C][C][=C][Ring1][N],4.2,4.2
[O][=C][Branch1][C][O][C][Branch1][C][F][Branch1][C][F][C][Branch1][C][F][Branch1][C][F][C][Branch1][C][F][Branch1][C][F][F],3.89,3.89
[O][=C][Branch1][C][O][C][Branch1][C][F][Branch1][C][F][C][Branch1][C][F][Branch1][C][F][C][Branch1][C][F][Branch1][C][F][C][Branch1][C][F][Branch1][C][F][F],4.83,4.83
[O][=C][Branch1][C][O][C][Branch1][C][F][Branch1][C][F][C][Branch1][C][F][Branch1][C][F][C][Branch1][C][F][Branch1][C][F][C][Branch1][C][F][Branch1][C][F][C][Branch1][C][F][Branch1][C][F][F],5.46,5.46
[O][=C][Branch1][C][O][C][Branch1][C][F][Branch1][C][F][C][Branch1][C][F][Branch1][C][F][C][Branch1][C][F][Branch1][C][F][C][Branch1][C][F][Branch1][C][F][C][Branch1][C][F][Branch1][C][F][C][Branch1][C][F][Branch1][C][F][F],5.86,5.86
[O][=C][Branch1][C][O][C][Branch1][C][F][Branch1][C][F][C][Branch1][C][F][Branch1][C][F][C][Branch1][C][F][Branch1][C][F][C][Branch1][C][F][Branch1][C][F][C][Branch1][C][F][Branch1][C][F][C][Branch1][C][F][Branch1][C][F][C][Branch1][C][F][Branch1][C][F][C][Branch1][C][F][Branch1][C][F][F],6.34,6.34
[O][=C][Branch1][C][O][C][Branch1][C][F][Branch1][C][F][C][Branch1][C][F][Branch1][C][F][C][Branch1][C][F][Branch1][C][F][C][Branch1][C][F][Branch1][C][F][C][Branch1][C][F][Branch1][C][F][C][Branch1][C][F][Branch1][C][F][C][Branch1][C][F][Branch1][C][F][C][Branch1][C][F][Branch1][C][F][C][Branch1][C][F][Branch1][C][F][F],6.49,6.49
[F][C][Branch1][C][F][Branch2][Branch1][Ring1][C][Branch1][C][F][Branch1][C][F][C][Branch1][C][F][Branch1][C][F][C][Branch1][C][F][Branch1][C][F][C][Branch1][C][F][Branch1][C][F][C][Branch1][C][F][Branch1][C][F][C][Branch1][C][F][Branch1][C][F][C][Branch1][C][F][Branch1][C][F][F][S][=Branch1][C][=O][=Branch1][C][=O][N][C][C],6.44,6.44
[F][C][Branch1][C][F][Branch1][O][C][Branch1][C][/F][=C][\C][Branch1][C][O][=O][C][Branch1][C][F][Branch1][C][F][C][Branch1][C][F][Branch1][C][F][C][Branch1][C][F][Branch1][C][F][C][Branch1][C][F][Branch1][C][F][F],6.11,6.11
[F][C][Branch1][C][F][Branch1][O][C][Branch1][C][/F][=C][/C][Branch1][C][O][=O][C][Branch1][C][F][Branch1][C][F][C][Branch1][C][F][Branch1][C][F][C][Branch1][C][F][Branch1][C][F][C][Branch1][C][F][Branch1][C][F][C][Branch1][C][F][Branch1][C][F][C][Branch1][C][F][Branch1][C][F][F],6.81,6.81
[O][=C][Branch1][C][O][/C][=Branch1][Ring2][=C][\O][C][C][=C][C][=C][C][=C][Ring1][=Branch1][O][C][=C][C][Branch1][N][O][C][=C][C][=C][C][=C][Ring1][=Branch1][C][#N][=N][C][=N][Ring1][#C],4.92,4.92
[O-1][N+1][=Branch1][C][=O][\C][=C][Branch1][Ring1][/N][C][N][C][C][S][=Branch1][C][=O][C][C][O][C][=Branch1][Branch1][=C][C][=Ring1][Branch1][C][N][Branch1][C][C][C],3.69,3.69
[C][=C][Branch2][Ring2][Branch1][S][=Branch1][C][=O][=Branch1][C][=O][N][C][Branch2][Ring1][Branch2][N][C][=N][C][=Branch1][S][=N][C][=Branch1][Ring2][=N][Ring1][=Branch1][C][Branch1][C][F][Branch1][C][F][F][O][C][=O][C][Branch1][=Branch2][C][Branch1][C][F][Branch1][C][F][F][=C][C][=C][Ring2][Ring1][=N],5.11,5.11
[C][=Branch2][Ring1][Ring1][=N][C][=Branch1][=Branch2][=N][C][=Branch1][Ring2][=N][Ring1][=Branch1][Cl][N][C][Branch1][C][C][C][N][C][Branch1][C][C][C],4.21,4.21
[C][Branch2][Ring1][O][C@@][Branch1][=N][C][Branch1][=Branch2][N][=C][Branch1][Ring2][N][Ring1][=Branch1][S][=O][Branch1][Branch2][C@@H1][Branch1][Ring2][C][C][C][C][C][C][=O],4.07,4.07
[S][Branch1][=C][N][C][Branch1][=Branch2][C][=C][Branch1][Ring2][O][Ring1][=Branch1][C][=O][=Branch1][C][=O][=O],2.11,2.11
[C][Branch1][O][C@H1][Branch1][#Branch1][C@@H1][Branch1][Ring1][N][C][C][O][=C][C][=C][C][=C][Ring1][N],3.45,3.45
[C][C][N][C][=N][C][=Branch1][=Branch2][=N][C][=Branch1][Ring2][=N][Ring1][=Branch1][Cl][N][C][Branch1][C][C][Branch1][C][C][C][#N],3.87,3.87
[P][Branch1][=Branch2][S][C][C][Branch1][Ring1][N][C][=O][Branch1][Ring1][O][C][Branch1][Ring1][O][C][=S],4.5,4.5
[C][O][C][=Branch1][C][=O][C][Branch1][#Branch2][C][C][=C][C][=C][C][=C][Ring1][=Branch1][N][C][=Branch1][C][=O][C][Branch1][#Branch1][C][C][=Branch1][C][=O][O][N],3.81,3.81
[C][C][N][Branch1][#C][C][C][N][Ring1][=Branch1][C][C][O][C][C][=Branch1][C][=O][O][C][Branch1][=Branch2][C][=C][C][=C][C][=C][Ring1][=Branch1][C][=C][C][=C][Branch1][Branch1][C][=C][Ring1][=Branch1][Cl],3.4,3.4
[C][Branch2][Branch1][C][C][Branch2][Ring2][=N][N][Branch2][Ring1][=C][C][C][=C][C][=C][Branch2][Ring1][C][C][=C][Branch1][Branch2][C][NH1][N][=N][N][=Ring1][Branch1][C][=C][C][=C][Ring1][O][C][=C][Ring1][P][C][=Branch1][Branch1][=N][Ring2][Ring1][#Branch1][C][C][C][C][=O][C][C][C][C][Ring2][Ring1][S],5.53,5.53
[O][=C][Branch2][Ring1][C][N][C][=N][C][Branch1][Ring1][O][C][=C][C][Branch1][Ring1][O][C][=N][Ring1][#Branch2][N][S][=Branch1][C][=O][=Branch1][C][=O][C][=C][C][Branch1][Ring2][N][C][=O][=C][C][=C][Ring1][=Branch2][C][=Branch1][C][=O][N][Branch1][C][C][C],3.87,3.87
[C][=Branch2][Ring2][=C][=C][C][=C][Branch2][Ring2][Ring1][N][C][=C][C][Branch2][Ring1][Branch2][O][C][C][=C][Branch1][#Branch1][C][=C][C][=C][Ring1][=Branch1][N][Branch1][Ring1][O][C][C][Branch1][Ring1][O][C][=O][=N][Ring2][Ring1][Ring2][C][=C][Ring2][Ring1][#Branch2][Cl],5.38,5.38
[C][=Branch2][Ring1][=N][=C][C][Branch1][#C][C][=Branch1][C][=O][N][C][C][N][Branch1][Ring1][C][C][C][C][=C][Branch1][=Branch1][C][=C][Ring1][S][N][O][C][Cl],4.0,4.0
[N][Branch1][Branch2][C@@H1][Branch1][Ring1][C][C][C][O][C][C][N][C@@H1][Branch1][Ring1][C][C][C][O],1.88,1.88
[C][Branch2][Ring1][C][C][=Branch1][C][=O][C][Branch1][#Branch2][N][C][Branch1][C][C][Branch1][C][C][C][C][=C][C][=Branch1][=Branch1][=C][C][=C][Ring1][#C][Cl],4.65,4.65
[C][=Branch2][Ring2][S][=C][Branch2][Ring2][#Branch2][C][=C][C][=Branch1][Ring2][=C][Ring1][=Branch1][N][C][Branch2][Ring1][N][C@@][Branch2][Ring1][Ring2][C][S][Branch1][N][C][=C][C][=C][Branch1][C][F][C][=C][Ring1][#Branch1][=Branch1][C][=O][=O][Branch1][C][C][O][=O][C][#N][C][Branch1][C][F][Branch1][C][F][F],4.07,4.07
[C][Branch1][Branch2][C][C][C][C][C][Ring1][=Branch1][N][S][Branch1][C][O][=Branch1][C][=O][=O],2.44,2.44
[C][N][C][C][C][C][Ring1][Branch1][C][Branch2][Ring1][Ring2][C][Branch1][Ring2][C][Ring1][#Branch1][O][C][=Branch1][C][=O][C][=C][C][=C][C][=C][Ring1][=Branch1][C][=Branch1][C][=O][O][C],5.09,5.09
[C][=C][Branch1][C][Cl][C][=C][C][=C][Ring1][#Branch1][N][C][C][N][C][C][Ring1][=Branch1],3.53,3.53
[C][=C][Branch1][=Branch2][C][Branch1][C][F][Branch1][C][F][F][C][=C][C][=C][Ring1][#Branch2][N][C][C][N][C][C][Ring1][=Branch1],3.69,3.69
[C][=Branch1][Branch2][=C][C][=C][C][=C][Ring1][=Branch1][C][C][Branch1][C][N][C],3.74,3.74
[C][N][C][C][C][C][Ring1][Branch1][C][Branch2][Ring1][Ring2][C][Branch1][Ring2][C][Ring1][#Branch1][O][C][=Branch1][C][=O][C][=C][C][=C][C][=C][Ring1][=Branch1][C][=Branch1][C][=O][O],5.09,5.09
[C][/C][=C][\C][Branch1][#Branch2][C][C][Branch1][Branch1][N][/-Ring1][Branch1][C][C][Branch1][=Branch2][C][=C][C][=C][C][=C][Ring1][=Branch1][C][=C][C][=C][C][=C][Ring1][=Branch1],6.31,6.31
[C][N][C][Branch1][=Branch2][C][C][C][C][C][Ring1][=Branch1][=O][C][=C][C][=C][C][=C][Ring1][=Branch1][Cl],3.85,3.85
[C][C][=C][C][=C][Branch1][Branch1][C][=C][Ring1][=Branch1][C][=Branch1][C][=O][C][Branch1][C][C][N][C],3.77,3.77
[C][C][C][=Branch1][C][=O][C][Branch1][O][C][C][Branch1][C][C][N][Branch1][C][C][C][Branch1][=Branch2][C][=C][C][=C][C][=C][Ring1][=Branch1][C][=C][C][=C][C][=C][Ring1][=Branch1],5.57,5.57
[C][=C][C][=C][C][=Branch1][Ring2][=C][Ring1][=Branch1][C][C@H1][Branch1][C][C][N][C],3.52,3.52
[C][=Branch2][Ring1][#Branch2][=N][C][=C][Branch1][N][N][C][=C][Ring1][#Branch1][C][=C][C][=C][Ring1][=Branch1][C][=C][C][=Branch1][Ring2][=C][Ring1][=N][Cl][N][C][C][N][Branch1][Branch1][C][C][Ring1][=Branch1][C],5.45,5.45
[C][=C][Branch2][Ring1][=Branch2][C][=Branch1][=Branch1][=C][C][=C][Ring1][=Branch1][O][C@@H1][Branch1][=Branch2][C][=C][C][=C][C][=C][Ring1][=Branch1][C][C][N][C][C],4.64,4.64
[O][C][C][=C][C][=Branch1][#Branch1][=C][C][=C][Ring1][=Branch1][O][C][Branch1][C][O][C][N][C][Branch1][C][C][Branch1][C][C][C],3.19,3.19
[C][C][N][C][C][C][C][Ring1][Branch1][C][N][C][=Branch1][C][=O][C][=C][C][=Branch1][O][=C][Branch1][#Branch1][C][=C][Ring1][=Branch1][O][C][N][S][=Branch1][C][=O][=Branch1][C][=O][C][C],4.33,4.33
[C][C][N][Branch1][O][C][C][=C][Ring1][=Branch1][S][C][=C][Ring1][Branch1][C][Branch1][#Branch2][C][=C][C][=C][C][=C][Ring1][=Branch1][Cl][C][=Branch1][C][=O][O],4.7,4.7
[C][S][=Branch1][C][=O][=Branch1][C][=O][N][C][=C][C][C][=Branch1][S][=C][Branch1][=Branch2][O][C][=Ring1][Branch1][C][=C][Ring1][=Branch2][C][C][C][C][C][Branch2][Ring1][#Branch2][C][=C][C][=C][Branch1][Branch1][C][=C][Ring1][=Branch1][O][C][C][C][N][Branch1][Branch1][C][C][C][C][C][C][C][C][=O],8.15,8.15
[C][Branch1][=N][C@H1][C][N][C][C][S][C][Ring1][Branch1][=N][Ring1][Branch2][=C][C][=C][C][=C][Ring1][=C],4.34,4.34
[C][C][Branch2][Ring1][#Branch1][C][N][C][=C][C][=C][C][=C][Ring1][=Branch1][C][C][C][=C][C][=C][C][=C][Ring1][=Branch1][Ring1][#C][C][N][Branch1][C][C][C],5.2,5.2
[F][C][=C][C][=Branch1][#Branch2][=C][Branch1][C][F][C][=C][Ring1][#Branch1][F][C][C@@H1][Branch1][C][N][C][C][=Branch1][C][=O][N][C][C][=N][N][=C][Branch1][Branch2][N][Ring1][Branch1][C][C][Ring1][=Branch2][C][Branch1][C][F][Branch1][C][F][F],4.75,4.75
[F][C][Branch1][C][F][Branch2][Branch1][Ring1][C][Branch1][C][F][Branch1][C][F][C][Branch1][C][F][Branch1][C][F][C][Branch1][C][F][Branch1][C][F][C][Branch1][C][F][Branch1][C][F][C][Branch1][C][F][Branch1][C][F][C][Branch1][C][F][Branch1][C][F][C][Branch1][C][F][Branch1][C][F][F][S][=Branch1][C][=O][=Branch1][C][=O][N][C][C][Branch1][C][O][=O],6.14,6.14
[F][C][Branch1][C][F][Branch2][Branch1][Ring1][C][Branch1][C][F][Branch1][C][F][C][Branch1][C][F][Branch1][C][F][C][Branch1][C][F][Branch1][C][F][C][Branch1][C][F][Branch1][C][F][C][Branch1][C][F][Branch1][C][F][C][Branch1][C][F][Branch1][C][F][C][Branch1][C][F][Branch1][C][F][F][S][=Branch1][C][=O][=Branch1][C][=O][N][Branch1][C][C][C][C][Branch1][C][O][=O],6.14,6.14
[F][C][Branch1][C][F][Branch2][Branch1][Ring1][C][Branch1][C][F][Branch1][C][F][C][Branch1][C][F][Branch1][C][F][C][Branch1][C][F][Branch1][C][F][C][Branch1][C][F][Branch1][C][F][C][Branch1][C][F][Branch1][C][F][C][Branch1][C][F][Branch1][C][F][C][Branch1][C][F][Branch1][C][F][F][S][=Branch1][C][=O][=Branch1][C][=O][N][Branch1][#Branch1][C][C][Branch1][C][O][=O][C][C],6.29,6.29
[O][=P][Branch1][C][O][Branch2][Ring2][#C][O][C][C][C][Branch1][C][F][Branch1][C][F][C][Branch1][C][F][Branch1][C][F][C][Branch1][C][F][Branch1][C][F][C][Branch1][C][F][Branch1][C][F][C][Branch1][C][F][Branch1][C][F][C][Branch1][C][F][Branch1][C][F][F][O],5.21,5.21
[O][=P][Branch1][C][O][Branch2][Branch1][=N][O][C][C][C][Branch1][C][F][Branch1][C][F][C][Branch1][C][F][Branch1][C][F][C][Branch1][C][F][Branch1][C][F][C][Branch1][C][F][Branch1][C][F][C][Branch1][C][F][Branch1][C][F][C][Branch1][C][F][Branch1][C][F][C][Branch1][C][F][Branch1][C][F][C][Branch1][C][F][Branch1][C][F][F][O],5.88,5.88
[Cl][C][=C][C][=C][Branch2][Ring2][Ring1][O][C][=C][C][=C][Branch1][Branch2][C][Branch1][C][Cl][=C][Ring1][#Branch1][C][Branch1][#Branch2][O][C][C][Branch1][Ring2][O][Ring1][Branch1][C][C][N][N][=C][N][=C][Ring1][Branch1][C][=C][Ring2][Ring1][#Branch2],5.19,5.19
[O][=C][Branch1][#C][C][=C][C][=Branch1][=Branch2][=C][C][=Branch1][Ring2][=C][Ring1][=Branch1][C][C][N][Branch2][Ring1][Ring1][N][C][=Branch1][C][=O][C][=C][C][=C][C][Branch1][Ring1][O][C][=C][Ring1][Branch2][C][C][Branch1][C][C][Branch1][C][C][C],5.87,5.87
[C][C][Branch1][C][C][O][C][=Branch1][C][=O][N][C][Branch2][Ring1][Branch1][C][=Branch1][C][=O][N][C@@H1][Branch1][C][C][C][=C][C][=C][Branch1][C][C][C][=C][Ring1][#Branch1][C][Branch1][C][C][C],5.55,5.55
[O][=C][Branch2][Ring1][Ring2][O][C][=C][C][=Branch1][=N][=C][Branch1][Ring1][S][C][C][=Branch1][Ring2][=C][Ring1][Branch2][C][C][N][C],3.88,3.88
[C][=C][C][=C][Branch2][Ring1][C][C][=Branch1][Ring2][=C][Ring1][=Branch1][C][=C][C][=C][Branch1][Branch1][C][=C][Ring1][=Branch1][Cl][N][C][=Branch1][C][=O][C][=C][C][=C][N][=C][Ring1][=Branch1][Cl],5.92,5.92
[O][=C][Branch1][C][O][C][=C][Branch1][N][N][=C][C][=Branch1][Ring2][=C][Ring1][=Branch1][C][O][C][/C][=N][/C][Branch1][Branch2][C][=Branch1][C][=O][N][Ring1][=Branch1][Branch1][=Branch1][C][Branch1][C][C][C][C],3.92,3.92
[O][=C][Branch1][Ring2][O][C][C][N][C][C][O][C][=C][C][=C][Branch1][#Branch2][O][C][=C][C][=C][C][=C][Ring1][=Branch1][C][=C][Ring1][=N],4.72,4.72
[O][=C][Branch1][Branch1][N][C][C][#N][C][=C][N][=C][C][=C][Ring1][=Branch1][C][Branch1][C][F][Branch1][C][F][F],3.4,3.4
[N][Branch1][=Branch2][C][Branch1][Branch1][O][C][C][C][=O][C][C][C][N][Branch1][C][C][C],3.28,3.28
[Cl][C][=C][Branch1][Branch2][O][C][C][Branch1][C][O][=O][N][=C][Branch1][C][Cl][C][Branch1][C][Cl][=C][Ring1][=N],4.01,4.01
[O][=C][N][Branch1][O][/N][=C][/C][=C][C][=C][N][=C][Ring1][=Branch1][C][\C][=Branch1][Branch1][=N][/N][Ring1][=C][C],3.24,3.24
[O][=C][\C][=C][Branch1][P][/N][C][=Branch1][C][=O][N][Ring1][#Branch1][C][C][C][C][C][C][Ring1][=Branch1][C][C][C][Ring1][#C],3.56,3.56
[Cl][C][=C][Branch1][=C][O][P][=Branch1][C][=S][Branch1][Ring2][O][C][C][O][C][C][N][=C][Branch1][C][Cl][C][Branch1][C][Cl][=C][Ring1][P],5.71,5.71
[Cl][C][=C][Branch1][N][O][P][=Branch1][C][=S][Branch1][Ring1][O][C][O][C][N][=C][Branch1][C][Cl][C][Branch1][C][Cl][=C][Ring1][#C],5.47,5.47
[O][=C][Branch2][Ring1][#Branch1][O][C][=C][C][=Branch1][S][=C][Branch1][Branch2][C][=Branch1][Ring2][=C][Ring1][=Branch1][C][S][=Branch1][C][=O][C][C][N][C],2.8,2.8
[Cl][C][=N][C][=C][Branch1][Branch1][C][=C][Ring1][=Branch1][C][N][C][=Branch1][Ring2][=N][\C][#N][\S][C][C][Ring1][Branch2],3.88,3.88
[Cl][C][=N][C][=C][Branch1][Branch1][C][=C][Ring1][=Branch1][C][N][C][=Branch1][#Branch1][=N][/C][=Branch1][C][=O][N][/S][C][C][Ring1][=Branch2],3.44,3.44
[Cl][C][=N][C][=C][Branch1][#Branch2][C][N][C][C][N][C][Ring1][Branch1][=O][C][=C][Ring1][=N],3.12,3.12
[Cl][C][=C][C][=C][Branch1][Branch1][C][=C][Ring1][=Branch1][C][Branch1][Ring1][C][#N][Branch1][Branch1][C][C][C][C][C][N][N][=C][N][=C][Ring1][Branch1],4.96,4.96
[C][=C][C][=Branch2][Ring1][Ring2][=C][C][=C][Ring1][=Branch1][C][C][Branch1][#Branch2][C][N][C][C][C][C][C][Ring1][=Branch1][C][C][Branch1][C][C][Branch1][C][C][C],5.49,5.49
[Cl][C][=N][C][=C][Branch1][Branch1][C][=C][Ring1][=Branch1][C][N][Branch1][Branch2][\C][=Branch1][Ring2][=N][\C][#N][C][C],3.48,3.48
[Cl][C][=C][C][=C][Branch2][Ring1][C][N][C][=Branch1][C][=O][N][C][=C][C][=C][Branch1][C][Cl][C][=C][Ring1][#Branch1][C][=C][Ring1][P][Cl],6.1,6.1
[C][C][Branch1][C][C][Branch1][C][C][C][=N][N][C][=Branch1][=Branch1][=N][C][Ring1][=Branch1][=O][S][C],3.76,3.76
[N][=Branch1][=N][=C][Branch1][=Branch2][N][=C][N][C][Branch1][C][C][C][O][C][=Branch1][Ring2][=N][Ring1][Branch2][N][C][Branch1][C][C][C],3.04,3.04
[N][Branch1][=Branch2][C][C][C][C][C][C][Ring1][=Branch1][C][Branch2][Ring1][C][N][Branch1][=C][C][Branch1][=Branch1][N][Branch1][C][C][C][=N][C][Ring1][#C][=O][C][=O],2.98,2.98
[C][C][=C][Branch1][#Branch1][N][C][Branch1][C][H][=O][C][=C][C][Branch1][C][C][=C][Ring1][O],3.47,3.47
[C][=C][C][=C][Branch2][Ring1][=Branch1][C][=Branch1][Ring2][=C][Ring1][=Branch1][C][=C][C][=C][Branch1][Branch1][C][=C][Ring1][=Branch1][C][=Branch1][C][=O][O][C][=N][N][N][=N][Ring1][Branch1],5.32,5.32
[C][N][C][=C][C][=C][C][=C][Ring1][=Branch1][N][=N][Ring1][=Branch2],2.99,2.99
[O][=C][Branch2][Ring1][=C][O][C][C][Branch2][Ring1][=Branch1][O][C][N][C][N][\C][=Branch1][=N][=N][/C][=Branch1][C][=O][C][=Ring1][#Branch1][N][=C][Ring1][#Branch2][N][C][O][C@@H1][Branch1][C][N][C][Branch1][C][C][C],3.59,3.59
[O][=C][Branch2][Ring1][Branch1][O][C][=C][C][=Branch1][=Branch1][=C][C][=C][Ring1][=Branch1][C@@H1][Branch1][=Branch1][N][Branch1][C][C][C][C][N][Branch1][Ring1][C][C][C],4.12,4.12
[F][C][\C][=Branch2][Ring1][#Branch2][=N][/C][=Branch1][C][=O][N][Branch1][Ring2][C][=Ring1][#Branch1][C@@H1][O][C@@H1][Branch1][=Branch2][C@@H1][Branch1][C][O][C@H1][Ring1][=Branch1][O][C][\N][C][=Branch1][C][=O][O][C][C][C][C][C],4.24,4.24
[O][=C][Branch2][Ring1][Ring1][O][C][N][C][=Branch1][C][=O][C][N][Branch1][Branch1][C][Ring1][=Branch1][=O][C][C][#C][C][C][Branch1][#Branch1][\C][=C][Branch1][C][/C][C][C][Ring1][#Branch1][Branch1][C][C][C],4.55,4.55
[C][#C][C][N][Branch1][C][C][C][C][=C][C][=C][C][=C][Ring1][=Branch1],3.25,3.25
[C][N][Branch1][C][C][C][C][C][Branch1][=Branch2][C][=C][C][=C][C][=C][Ring1][=Branch1][C][=C][C][=C][C][=N][Ring1][=Branch1],4.42,4.42
[O][Branch2][Ring1][#Branch2][C][=C][C][Branch1][#Branch2][N][C][Branch1][C][C][C][C][C][N][=C][N][=C][C][=C][C][Ring1][=Branch1][=C][Ring1][P][C],4.57,4.57
[C][C][Branch1][C][C][C][N][Branch2][Ring2][Branch1][C][C][Branch2][Ring1][#C][C][Branch1][#Branch2][C][C][=C][C][=C][C][=C][Ring1][=Branch1][N][C][=Branch1][C][=O][O][C][C][O][C][C][Ring1][Branch1][C][C][O][Ring1][Branch1][O][S][=Branch1][C][=O][=Branch1][C][=O][C][=C][C][=C][Branch1][Branch1][C][=C][Ring1][=Branch1][N],5.51,5.51
[C][C][=Branch1][C][=O][O][C][C][Branch2][Ring1][Branch2][S][C][=C][C][=C][C][=C][Ring1][=Branch1][N][Branch1][Branch1][C][Ring1][O][=O][C][C][N][Branch1][C][C][C][C][=C][C][=C][Branch1][Branch1][C][=C][Ring1][=Branch1][O][C],5.51,5.51
[C][C][Branch1][=Branch2][C][=C][C][=C][C][=C][Ring1][=Branch1][Branch1][=Branch2][C][=C][C][=C][C][=N][Ring1][=Branch1][O][C][C][N][Branch1][C][C][C],3.63,3.63
[C][=C][C][=C][Branch1][N][C][=Branch1][Ring2][=C][Ring1][=Branch1][C][=Branch1][C][=O][O][N][C][=C][C][=C][C][=Branch1][Ring2][=C][Ring1][=Branch1][C][Branch1][C][F][Branch1][C][F][F],5.44,5.44
[C][C][=N][C][=C][N][Ring1][Branch1][C][=C][Branch1][#Branch2][C][=C][Branch1][Branch1][C][=C][Ring1][=Branch1][Cl][C][=Branch1][Branch1][=N][C][Ring1][N][C][=C][C][=C][C][=C][Ring1][=Branch1][F],6.36,6.36
[C][C][C][C][Branch1][Branch2][C][=Branch1][C][=O][O][C][C][N][C][Branch1][C][C][C][=Branch1][C][=O][N][C][C][C][C][C][C][Ring1][=Branch1][C][C][Ring1][=Branch2][C][=Branch1][C][=O][O],4.96,4.96
[C][C][=C][C][=Branch1][P][=C][C][=Branch1][N][=C][Ring1][=Branch1][C][C][=N][C][C][N][Ring1][Branch1][C][C][Branch1][C][C][Branch1][C][C][C],5.07,5.07
[O][=C][Branch1][Ring2][O][C][C][C][C][N][Branch2][Ring1][C][S][N][Branch1][=N][C][=Branch1][C][=O][O][\N][=C][Branch1][Ring1][/S][C][C][C][C][C][=C][C][=C][C][=C][Ring1][=Branch1],4.77,4.77
[S][Branch2][Ring1][=Branch1][C][=N][C][=Branch1][=C][=N][C][=Branch1][Ring2][=N][Ring1][=Branch1][N][C][Branch1][C][C][C][N][C][C][C],4.11,4.11
[O][=C][Branch2][Ring1][#Branch2][N][Branch1][=N][C][=C][Branch1][Branch2][C][=C][C][=C][Ring1][=Branch1][C][C][C][Branch1][#Branch1][C][=Branch1][C][=O][O][C][C][C][C][=C][C][=C][C][=C][Ring1][=Branch1],5.38,5.38
[C][=C][C][=Branch2][Ring1][C][=C][Branch1][#Branch2][C][=C][Ring1][=Branch1][N+1][=Branch1][C][=O][O-1][N+1][=Branch1][C][=O][O-1][O][N][C][=C][C][=C][Branch1][N][C][=Branch1][C][=O][C][=Branch1][Ring2][=C][Ring1][#Branch1][Br][Br],6.67,6.67
[C][=C][Branch1][Branch2][O][C][Branch1][Ring1][N][C][=O][C][=C][C][=C][Ring1][O][C][=C][C][=C][Ring1][#C],4.34,4.34
[C][C][O][P][=Branch1][C][=O][Branch1][Ring2][O][C][C][O][/C][=Branch1][Ring1][=C][\Cl][/C][=C][Branch1][#Branch2][C][=C][Branch1][Branch1][C][=C][Ring1][=Branch1][Cl][Cl],6.18,6.18
[Cl][C][=C][C][Branch1][Ring1][C][#N][=C][C][Branch1][C][Cl][=C][Ring1][=Branch2][O],4.13,4.13
[O][=P][Branch1][Branch2][O][\C][=C][Branch1][C][/Cl][Cl][Branch1][Ring1][O][C][O][C],4.8,4.8
[O][=C][O][C][Branch1][P][C][=Branch1][C][=O][N][Ring1][=Branch1][N][C][=C][C][=C][C][=C][Ring1][=Branch1][Branch2][Ring1][Ring2][C][=C][C][=C][Branch1][#Branch2][O][C][=C][C][=C][C][=C][Ring1][=Branch1][C][=C][Ring1][=N][C],6.01,6.01
[O][=P][Branch1][Branch2][S][C][Branch1][Ring1][C][C][C][Branch1][Ring2][O][C][C][N][C][=Branch1][C][=O][S][C][C][Ring1][=Branch1],4.3,4.3
[O][=C][N][Branch1][#Branch2][N][C][=C][C][=C][C][=C][Ring1][=Branch1][C][Branch1][Ring1][\S][C][=N][/C@][Ring1][=C][Branch1][=Branch2][C][=C][C][=C][C][=C][Ring1][=Branch1][C],5.43,5.43
[Cl][C][=N][C][=C][Branch1][Branch1][C][=C][Ring1][=Branch1][C][N][\C][=Branch1][=Branch1][=N][/C][C][Ring1][Branch1][N],3.62,3.62
[O][=C][N][Branch1][#C][C][=C][C][Branch1][C][Cl][=C][C][Branch1][C][Cl][=C][Ring1][Branch2][C][=Branch1][C][=O][C][N][Ring1][=C][C][=Branch1][C][=O][N][C][Branch1][C][C][C],5.43,5.43
[Cl][C][=C][C][=C][Branch1][Branch1][C][=C][Ring1][=Branch1][C][Branch1][Branch1][O][C][C][#C][C][=Branch1][C][=O][N][C][C][C][=C][C][=C][Branch1][Branch1][O][C][C][#C][C][Branch1][Ring1][O][C][=C][Ring1][N],4.92,4.92
[N][=C][Branch1][Ring2][C][#C][C][C][=C][Branch1][=C][N][=C][Ring1][=Branch2][N][C][=C][C][=C][C][=C][Ring1][=Branch1][C],5.04,5.04
[O][=C][Branch2][Ring1][Ring1][C][=C][Branch1][Ring1][O][C][C][=C][Branch1][Ring1][O][C][C][=C][Ring1][#Branch2][O][C][C][C][C][N][C][C][C][C][Ring1][Branch1],4.23,4.23
[C][=C][C][=Branch2][Ring1][=Branch2][=C][C][=C][Ring1][=Branch1][C@H1][Branch1][S][C@@H1][Branch1][Ring1][C][O][N][C][=Branch1][C][=O][C][Branch1][C][Cl][Cl][O][N+1][=Branch1][C][=O][O-1],4.18,4.18
[Cl][/C][Branch1][C][Cl][=C][/C][C][Branch2][Ring1][#Branch2][C][=Branch1][C][=O][O][C][C][=C][C][=C][C][Branch1][#Branch2][O][C][=C][C][=C][C][=C][Ring1][=Branch1][=C][Ring1][=N][C][Ring2][Ring1][Ring2][Branch1][C][C][C],7.11,7.11
[O][=C][N][Branch1][#Branch1][C][C][=Branch1][C][=O][N][C][C][C][Ring1][=Branch2],2.37,2.37
[Cl][C][=C][C][=C][Branch1][Branch1][C][=C][Ring1][=Branch1][C][Branch1][=Branch2][C][=C][C][=C][C][=C][Ring1][=Branch1][N][C][C][N][Branch1][Branch1][C][C][Ring1][=Branch1][C][C][=C][C][=C][C][=Branch1][Ring2][=C][Ring1][=Branch1][C],5.19,5.19
[Cl][C][=C][C][=C][Branch1][Branch1][C][=C][Ring1][=Branch1][C][Branch2][Ring1][Branch1][C][C][=Branch1][C][=O][C][=C][Branch1][=Branch1][O][C][=Ring1][#Branch1][O][C][=C][C][=C][Ring1][=Branch2][C][C][=Branch1][C][=O][C],5.93,5.93
[O][=C][Branch1][C][C][C][C][Branch2][Ring1][Branch1][C][C][=Branch1][C][=O][C][=C][Branch1][=Branch1][O][C][=Ring1][#Branch1][O][C][=C][C][=C][Ring1][=Branch2][C][O][C][=C][C][=Ring1][Branch1],6.16,6.16
[O][=C][Branch1][=Branch1][O][C][C][C][C][C][Branch2][Ring1][S][O][C][=C][C][=C][Branch2][Ring1][Ring2][O][C][=N][C][=C][Branch1][Branch1][C][=C][Ring1][=Branch1][C][Branch1][C][F][Branch1][C][F][F][C][=C][Ring1][P][C],5.89,5.89
[O][=C][Branch1][C][O][C][=C][C][=C][C][=C][Ring1][=Branch1][C][=Branch1][C][=O][N][C][=C][C][=C][C][=C][C][=C][C][=C][Ring1][=Branch1][Ring1][#Branch2],4.96,4.96
[C][Branch1][P][O][C][=C][C][=C][Branch1][=Branch1][N+1][=Branch1][C][=O][O-1][C][=C][Ring1][=Branch2][=C][Branch1][#Branch2][C][=C][Branch1][C][Cl][C][=C][Ring1][P][Cl],6.45,6.45
[O-1][N+1][=Branch1][C][=O][C][=C][C][=Branch2][Ring1][=Branch1][=C][C][Branch1][=Branch1][N+1][Branch1][C][O-1][=O][=C][Ring1][=Branch2][N][Branch1][Ring2][C][C][C][C][C][C][S][=Branch1][C][=O][=Branch1][C][=O][N],4.66,4.66
[O][=C][O][C][C][N][Ring1][Branch1][N][Branch1][Branch2][C][=Branch1][C][=O][C][O][C][C][=C][Branch1][Branch2][C][=C][C][=C][Ring1][=Branch1][C][C],3.54,3.54
[C][O][P][=Branch1][C][=S][Branch1][Ring1][O][C][S][C][N][C][=Branch1][C][=O][C][=C][C][=C][C][=C][Ring1][=Branch1][C][Ring1][#Branch2][=O],4.63,4.63
[Cl][C][=C][C][=Branch1][=Branch2][=C][C][Branch1][C][Cl][=C][Ring1][#Branch1][N][C][=Branch1][C][=O][C][Branch1][N][C][C][Ring1][Ring1][Branch1][Branch1][C][Ring1][#Branch1][=O][C][C],5.0,5.0
[O][=C][C][=C][Branch2][Ring1][#Branch2][O][C][Branch1][C][/O][=C][\/Ring1][#Branch1][C][Branch1][=Branch2][C][=C][C][=C][C][=C][Ring1][=Branch1][C][C][=Branch1][C][=O][C][C][=C][C][=C][Ring2][Ring1][Branch1],5.91,5.91
[O][=C][C][=N][C][=C][N][=C][Ring1][=Branch1][N][Branch1][=Branch2][C][=Branch1][C][=O][N][Ring1][O][C][C],2.27,2.27
[O][=P][Branch1][C][O][Branch1][C][O][C][O][C@H1][Branch1][C][C][C][N][C][=N][C][=N][C][=Branch1][Branch2][=C][Ring1][=Branch1][N][=C][Ring1][=Branch2][N],2.44,2.44
[F][C][\C][=Branch2][Ring1][#Branch1][=N][/C][=Branch1][C][=O][N][Branch1][Ring2][C][=Ring1][#Branch1][C@H1][O][C@H1][Branch1][Branch1][S][C][Ring1][Branch1][C][O][\N],3.13,3.13
[Cl][C][=C][C][=C][Branch1][Branch2][C][Branch1][C][Cl][=C][Ring1][#Branch1][C][Branch1][Ring2][C][C][C][C][N][N][=C][N][=C][Ring1][Branch1],5.48,5.48
[O-1][N+1][=Branch1][C][=O][N][C][=Branch1][Ring1][=N][/C][\N][C][C][C][C][O][C][Ring1][Branch1],4.47,4.47
[O][=C][Branch1][#Branch2][N][C][=C][C][=C][C][=C][Ring1][=Branch1][N][Branch1][C][C][C],3.16,3.16
[O][=C][Branch2][Ring1][#Branch2][N][Branch1][=N][C][=C][Branch1][Branch2][C][=C][C][=C][Ring1][=Branch1][C][C][C][Branch1][#Branch1][C][=Branch1][C][=O][O][C][C][C][O][C][=C][C][=Ring1][Branch1],5.81,5.81
[C][O][P][=Branch1][C][=O][Branch1][Ring1][O][C][O][C][=C][Branch1][C][Cl][C][C][=C][C][C][Ring1][Branch2][Ring1][Branch1],4.18,4.18
[S][=P][Branch1][P][O][C][=C][C][=C][Branch1][Branch1][C][=C][Ring1][=Branch1][N+1][Branch1][C][O-1][=O][Branch1][Ring2][O][C][C][O][C][C],5.54,5.54
[O-1][N+1][=Branch1][C][=O][C][=C][Branch2][Ring1][#Branch2][C][=Branch2][Ring1][Branch1][=C][C][Branch1][=Branch1][N+1][Branch1][C][O-1][=O][=C][Ring1][=Branch2][N][C][Branch1][Ring1][C][C][C][C][C][C],6.57,6.57
[Cl][C][C][=Branch1][C][=O][N][Branch1][#C][C][=C][Branch1][=Branch2][C][=C][C][=C][Ring1][=Branch1][C][C][C][C][C][C][O][C][C][C],4.96,4.96
[O][=C][O][C][Branch2][Ring1][=Branch1][C][=Branch1][C][=O][N][Ring1][=Branch1][C][=C][C][Branch1][C][Cl][=C][C][Branch1][C][Cl][=C][Ring1][Branch2][Branch1][Ring1][\C][=C][C],5.71,5.71
[F][C][\C][=N][/C][=Branch1][C][=O][N][C][=Ring1][#Branch1][N],2.19,2.19
[Cl][C][=C][C][=C][Branch1][Branch1][C][=C][Ring1][=Branch1][C][=Branch1][C][=O][N][C][=C][C][=C][Branch1][Ring1][O][C][C][=C][Ring1][Branch2][C][=Branch1][Branch1][=C][Ring1][O][C][C][C][=Branch1][C][=O][O][C][C][=Branch1][C][=O][O],6.31,6.31
[O][=C][Branch1][=C][N][C][=C][Branch1][Branch2][C][=C][C][=C][Ring1][=Branch1][C][C][C][N][Branch1][C][C][C][C][C][C][Ring1][#Branch1],3.96,3.96
[C][C][=C][C][Branch1][=N][O][C][C][C][N][C][=Branch1][C][=O][O][Ring1][=Branch1][=C][C][Branch1][C][C][=C][Ring1][#C],4.16,4.16
[O][Branch1][=N][C][=C][C][=C][C][=C][Ring1][=Branch1][O][C][\C][=C][C][C][Branch1][C][O][C][N][C][Branch1][C][C][C],4.23,4.23
[C][C][Branch1][C][C][C][C@H1][Branch1][Ring1][C][N][C][C][Branch1][C][O][=O],3.38,3.38
[S][=C][Branch2][Ring1][C][O][C][=C][C][=C][C][Branch1][#Branch1][C][=C][C][=C][Ring1][=Branch1][=C][Ring1][#Branch2][N][Branch1][N][C][=C][C][=Branch1][=Branch1][=C][C][=C][Ring1][=Branch1][C][C],6.38,6.38
[O][=S][=Branch1][C][=O][Branch1][C][N][C][C][=N][O][C][=C][C][=C][C][=C][Ring1][=Branch1][Ring1][=Branch2],3.49,3.49
[O][=S][=Branch1][C][=O][Branch1][C][N][C][=C][Branch1][C][Cl][C][=C][C][=Branch1][Ring2][=C][Ring1][#Branch1][C][Branch1][C][O][C][=C][C][=C][C][=C][Ring1][=Branch1][C][=Branch1][C][=O][N][Ring1][O],3.77,3.77
[O][=C][/N][=C][\N][C][=C][Ring1][=Branch1][N][=C][N][Ring1][Branch1][C@@H1][O][C@@H1][Branch1][Branch1][C][C][Ring1][Branch1][C][O],3.68,3.68
[C][C][=C][Branch2][Ring1][=Branch2][C][=C][N][=C][Ring1][=Branch1][C][S][=Branch1][C][=O][C][NH1][C][=C][C][=C][C][=C][Ring1][=Branch1][N][=Ring1][=Branch2][O][C][C][Branch1][C][F][Branch1][C][F][F],4.76,4.76
[O][=C][Branch1][O][N][C][=C][C][=C][C][=C][Ring1][=Branch1][C][C][Branch1][Branch1][N][C][C][C][C],4.16,4.16
[O][=C][Branch2][Ring1][#Branch1][C][N][=N][N][Branch1][Ring2][C][=Ring1][Branch1][C][C][=C][Branch1][C][F][C][=C][C][=C][Ring1][#Branch1][F][N],3.79,3.79
[O][=S][=Branch1][C][=O][Branch2][Ring1][#Branch1][C][=C][Branch1][=N][N][C][=C][C][=Branch1][=Branch1][=C][C][=C][Ring1][=Branch1][C][C][=C][N][=C][Ring1][=C][N][C][=Branch1][C][=O][N][C][Branch1][C][C][C],4.73,4.73
[O][=C][Branch1][C][N][C][N][C][C][C][Ring1][Branch1],2.08,2.08
[N][C][Branch1][C][C][C][C][C][C][C][Branch1][O][C][C][Branch1][Ring2][C][Ring1][Branch2][C][Ring1][#Branch1][C][Ring1][#Branch2],4.77,4.77
[N][Branch1][Branch1][C][C][C][C][Branch1][Branch1][C][C][C][C][C][C][C][C],4.91,4.91
[N][C][Branch1][C][C][C][C][C][C][C],3.56,3.56
[O][=C][Branch1][C][N][C][C][C][N][C][C][Ring1][=Branch1],1.58,1.58
[O][=C][Branch1][#C][O][C][=Branch1][C][=O][O][C][Branch1][C][C][Branch1][C][C][C][O][C][Branch1][C][C][Branch1][C][C][C],5.15,5.15
[O][=C][Branch2][Ring1][C][N][C][=N][C][Branch1][Ring1][O][C][=C][C][Branch1][Ring1][O][C][=N][Ring1][#Branch2][N][S][=Branch1][C][=O][=Branch1][C][=O][N][Branch1][C][C][S][=Branch1][C][=O][=Branch1][C][=O][C],2.95,2.95
[C][Branch1][Branch2][C][Branch1][Ring2][O][C][C][=O][=N][O][C][Branch1][Ring2][C][Ring1][#Branch2][Branch1][=Branch2][C][=C][C][=C][C][=C][Ring1][=Branch1][C][=C][C][=C][C][=C][Ring1][=Branch1],4.61,4.61
[Cl][C][=C][C][Branch1][C][Cl][=C][Branch1][Branch1][C][=C][Ring1][#Branch1][N][/N][=C][Branch1][Branch2][/C][=Branch1][C][=O][O][C][C][C][C][Ring1][#Branch2][Branch1][Branch2][C][=Branch1][C][=O][O][C][C][C],5.31,5.31
[Cl][C][=C][C][=C][Branch1][Branch1][C][=C][Ring1][=Branch1][C][C][C][Branch1][C][O][Branch1][N][C][Branch1][Branch1][C][C][Ring1][=Branch1][Branch1][C][C][C][C][N][N][=C][N][=C][Ring1][Branch1],4.96,4.96
[Cl][C][=C][C][=Branch2][Ring1][O][=C][C][=C][Ring1][=Branch1][O][C][=C][C][=C][Branch1][=Branch1][N+1][Branch1][C][O-1][=O][C][Branch1][Ring2][O][C][C][=C][Ring1][N][C][Branch1][C][F][Branch1][C][F][F],6.59,6.59
[Cl][C][=C][C][Branch1][#C][C][=Branch1][C][=O][N][C][Branch1][Ring1][C][#C][Branch1][C][C][C][=C][C][Branch1][C][Cl][=C][Ring1][#C],4.76,4.76
[O][=C][Branch2][Ring2][C][C][=C][C][=C][Branch2][Ring1][Ring1][C][=Branch1][Branch1][=C][Ring1][=Branch1][Cl][C][O][C][C][Branch1][C][F][Branch1][C][F][F][S][=Branch1][C][=O][=Branch1][C][=O][C][C][C][=Branch1][C][=O][C][C][C][C][Ring1][#Branch1][=O],5.64,5.64
[C][C][/C][=Branch1][#Branch1][=N][\O][C][\C][=C][\Cl][/C][C][=Branch1][C][=O][C][C][Branch1][=Branch1][C][C][=Ring1][#Branch1][O][C][C][C][O][C][C][Ring1][=Branch1],4.98,4.98
[O][=C][Branch1][Ring1][O][C][C][=C][C][=C][C][=Branch2][Ring2][=N][=C][Ring1][=Branch1][S][=Branch1][C][=O][=Branch1][C][=O][N][C][=Branch1][C][=O][N][C][=N][C][=Branch2][Ring1][C][=N][C][Branch1][O][O][C][C][Branch1][C][F][Branch1][C][F][F][=N][Ring1][N][N][Branch1][C][C][C][C],5.01,5.01
[N][=N][N][Branch1][O][C][=C][C][=C][C][=C][Ring1][=Branch2][Ring1][=Branch1][C][O][C],3.34,3.34
[C][=C][C][=C][Branch1][#Branch2][C][=C][Ring1][=Branch1][C][=Branch1][C][=O][O][N][=N][NH1][Ring1][#Branch2],3.72,3.72
[O][C][=C][N][=N][NH1][Ring1][Branch1],3.42,3.42
[O][=C][Branch2][Ring1][Ring2][N][Branch1][Ring1][C][C][C][Branch1][#Branch2][C][=Branch1][C][=O][N][Branch1][C][C][C][C][C][/C][=C][/C],4.4,4.4
[S][=C][S][C][=C][C][=C][C][=C][Ring1][=Branch1][N][Ring1][=Branch2],4.08,4.08
[O][=C][Branch1][#Branch2][S][C][C][C][C][C][C][C][C][O][C][=C][C][Branch1][C][Cl][=N][N][=C][Ring1][#Branch1][C][=C][C][=C][C][=C][Ring1][=Branch1],7.9,7.9
[O][=S][=Branch1][C][=O][Branch2][Ring2][=Branch1][N][C][=C][Branch1][C][Cl][C][=C][Branch1][C][Cl][C][Branch2][Ring1][Ring1][N][/N][=C][Branch1][=N][\N][Branch1][Branch1][C][Ring1][Branch1][=O][C][Branch1][C][F][F][C][=C][Ring2][Ring1][C][C],6.0,6.0
[C][C][Branch1][C][C][Branch1][C][C][N][C][C][Branch1][C][O][C][O][C][=N][S][N][=C][Ring1][Branch1][N][C][C][O][C][C][Ring1][=Branch1],3.34,3.34
[C][S][C][NH1][C][=C][C][=Branch2][Ring1][Branch2][=C][Branch1][Branch2][C][=C][Ring1][=Branch1][N][=Ring1][=Branch2][O][C][=C][C][=C][C][=Branch1][Branch1][=C][Ring1][=Branch1][Cl][Cl][Cl],7.71,7.71
[O][=C][Branch1][#Branch1][/N][=C][Branch1][C][\N][N][N],2.33,2.33
[C][N+1][Branch1][C][C][Branch2][Ring1][=Branch1][C][C][C][Branch1][=Branch2][C][=C][C][=C][C][=C][Ring1][=Branch1][C][=C][C][=C][C][=N][Ring1][=Branch1][O-1],3.44,3.44
[C][=C][C][=Branch1][P][=C][C][=Branch1][Branch1][=C][Ring1][=Branch1][Cl][S][=Branch1][C][=O][=Branch1][C][=O][N][S][=Branch1][C][=O][=Branch1][C][=O][N][C][=N][Ring1][S],3.46,3.46
[C][=C][Branch2][Ring1][N][C][=Branch1][P][=C][C][=Branch1][Branch1][=C][Ring1][=Branch1][Cl][S][=Branch1][C][=O][=Branch1][C][=O][N][S][=Branch1][C][=O][=Branch1][C][=O][N][N],3.5,3.5
[C][=C][C][=Branch1][=C][=C][C][=C][Ring1][=Branch1][S][=Branch1][C][=O][=Branch1][C][=O][N][Cl],3.32,3.32
[C][=C][C][=C][Branch1][#C][C][=Branch1][Ring2][=C][Ring1][=Branch1][S][=Branch1][C][=O][=Branch1][C][=O][N][Cl],2.87,2.87
[C][N+1][Branch1][Ring2][C][C][#C][Branch1][#Branch2][C][C][=C][C][=C][C][=C][Ring1][=Branch1][O-1],2.74,2.74
[C][C][C][C][O][C][=C][C][=C][Branch1][Branch1][C][=C][Ring1][=Branch1][O][C][C][C][N][C][C][O][C][C][Ring1][=Branch1],4.37,4.37
[C][C][=C][C][=C][C][=C][Ring1][=Branch1][C][C][N][C][C][N][Ring1][=Branch1][C][=C][C][=C][C][=C][Ring2][Ring1][Ring1][Ring1][=Branch1],4.43,4.43
[C][N+1][Branch2][Ring1][N][C][C][N][C][=C][C][=C][C][=C][Ring1][=Branch1][C][C][=C][C][=C][C][=C][Ring1][=Branch1][C][Ring1][#C][C][Ring2][Ring1][Ring1][O-1],3.85,3.85
[C][C][N+1][Branch1][Ring1][C][C][Branch2][Ring1][Ring1][C][C][=Branch1][C][=O][N][C][=C][Branch1][Branch2][C][=C][C][=C][Ring1][=Branch1][C][C][O-1],2.92,2.92
[C][=C][C][=Branch1][=Branch1][=C][N][=C][Ring1][=Branch1][C][C][C][C][N][Ring1][Branch1],2.82,2.82
[C][C][Branch1][#Branch2][C][C][=C][C][=C][C][=C][Ring1][=Branch1][N][C][C][#C],3.7,3.7
[C][C][C][=C][N][=C][Branch1][Branch1][C][=C][Ring1][=Branch1][C][C][O][C][=C][C][=C][Branch1][Branch1][C][=C][Ring1][=Branch1][C][C][C][=Branch1][C][=O][N][C][=Branch1][C][=O][S][Ring1][#Branch1],4.26,4.26
[C][C][=C][N][Branch1][#Branch2][C][=Branch1][C][=O][N][C][Ring1][#Branch1][=O][C@H1][C][C@@H1][Branch1][=Branch2][C@H1][Branch1][Ring2][O][Ring1][Branch1][C][O][N][=N+1][=N-1],3.07,3.07
[C][=N][C][=C][Branch1][=N][N][Ring1][Branch1][C][C][C][Branch1][Ring1][C][O][C][O][N][=C][Branch1][=Branch1][N][C][Ring1][=C][=O][N],2.62,2.62
[C][C][Branch2][Ring1][P][C@H1][C][C][C@@H1][Branch1][Branch1][C][C][Ring1][=Branch1][C][=Branch1][C][=O][N][C@@H1][Branch1][=Branch1][C][=Branch1][C][=O][O][C][C][=C][C][=C][C][=C][Ring1][=Branch1][C],5.69,5.69
[C][C][C][Branch1][N][C][C][C][C][N][Branch1][Ring2][C][Ring1][#Branch1][C][C][=C][C][=Branch1][=Branch1][=C][C][=C][Ring1][=Branch1][O],4.32,4.32
[C][C][C][Ring1][Ring1][C][#C][C@][Branch2][Ring1][=Branch1][C][=C][Branch1][#Branch2][C][=C][C][=Branch1][Ring2][=C][Ring1][=Branch1][Cl][N][C][=Branch1][C][=O][O][Ring1][N][C][Branch1][C][F][Branch1][C][F][F],6.2,6.2
[C][C][Branch2][Ring1][Ring2][C][O][C][=C][C][=C][C][=C][Ring1][=Branch1][C][C][=C][C][=C][C][=C][Ring1][=Branch1][N][C][C][C][C][C][Ring1][=Branch1],5.63,5.63
[C][=C][C][=Branch1][N][=C][Branch1][Branch2][C][=C][Ring1][=Branch1][C][C][N][O][O],2.84,2.84
[C][C][C][C][N][C][C][C][C][C][Ring1][=Branch1][/C][=Branch1][=C][=N][/C][=C][Branch1][Branch2][C][=C][C][=C][Ring1][=Branch1][C][C][/O],4.79,4.79
[C][C][N][Branch1][=N][C][C][N][Ring1][=Branch1][C][C][Branch1][Ring1][C][O][O][C][=C][C][=C][C][=C][Ring1][=Branch1],2.5,2.5
[O-1][N+1][Branch1][C][C][Branch1][C][C][C][C@H1][C][C][C][C][C@][Ring1][=Branch1][Branch1][C][O][C][=C][C][Branch1][Ring1][O][C][=C][C][=C][Ring1][Branch2],2.71,2.71
[C][C][C][C@@][Branch1][Branch1][C][C][Ring1][=Branch1][Branch1][=Branch1][C][=Branch1][C][=O][O][C][C][=Branch1][C][=O][O],2.57,2.57
[C][=C][C][=Branch1][=C][=C][Branch1][#Branch2][C][=C][Ring1][=Branch1][N+1][=Branch1][C][=O][O-1][Cl][N][C][=Branch1][C][=O][C][=C][Branch1][#Branch2][C][=C][C][=Branch1][Ring2][=C][Ring1][=Branch1][Cl][O],6.42,6.42
[C][C][C][C][O][C][=C][C][=C][Branch1][Branch1][C][=C][Ring1][=Branch1][C][C][=Branch1][C][=O][N][O],3.18,3.18
[C][N][Branch1][C][C][C][C][/C][=C][/C][=C][C][=C][C][=C][Ring1][=Branch1][C][O][C][=C][\-Ring1][O][C][=C][Branch1][Branch1][C][=C][Ring1][=Branch1][C][C][=Branch1][C][=O][O],5.61,5.61
[O][=C][Branch2][Ring2][Ring2][C][P][=Branch1][C][=O][Branch1][=N][C][C][C][C][C][=C][C][=C][C][=C][Ring1][=Branch1][O][C][Branch1][Branch2][O][C][=Branch1][C][=O][C][C][C][Branch1][C][C][C][N][C][C@@H1][Branch1][#Branch2][C][C@H1][Ring1][Branch1][C][Branch1][C][O][=O][C][C][C][C][C][C][Ring1][=Branch1],6.98,6.98
[C][N][C][=Branch1][C][=O][C][N][=C][Branch1][=C][C][=C][Ring1][Branch2][C][=C][C][=Branch1][Ring2][=C][Ring1][=Branch1][Cl][C][=C][C][C][C][C][Ring1][=Branch1],5.07,5.07
[C][=N][N][C][=C][Ring1][Branch1][C][=Branch1][=Branch1][=N][C][=N][Ring1][=Branch1][O],2.44,2.44
[O][=C][Branch1][=N][C][=C][C][=C][Branch1][Ring1][O][C][C][=C][Ring1][Branch2][N][C][C],3.61,3.61
[C][C][O][C][=C][Branch2][Ring2][Branch2][C][=C][C][=Branch1][Ring2][=C][Ring1][=Branch1][C][C][=Branch1][C][=O][N][C][Branch1][#Branch1][C][C][Branch1][C][C][C][C][=C][C][=C][C][=C][Ring1][=Branch1][N][C][C][C][C][C][Ring1][=Branch1][C][=Branch1][C][=O][O],5.96,5.96
[C][N][Branch1][S][C][C][C][N][C][=Branch1][C][=O][C][C][C][C][O][Ring1][Branch1][C][=N][C][=C][C][=Branch1][P][=C][Branch1][N][C][=C][Ring1][=Branch1][C][=Branch1][Ring2][=N][Ring1][#Branch2][N][O][C][O][C],4.02,4.02
[C][C][C][C][C][C][Branch1][Ring2][C][Ring1][=Branch1][Branch1][=C][C][C][Branch1][Ring2][C][Ring1][#Branch1][Branch1][Ring2][C][Ring1][#Branch2][N][C],4.3,4.3
[O][=N][N][Branch1][=Branch2][C][=C][C][=C][C][=C][Ring1][=Branch1][C][=C][C][=C][C][=C][Ring1][=Branch1],4.13,4.13
[O][=N][N][C][C][N][C][C][Ring1][=Branch1],2.17,2.17
[O][=N][N][Branch1][=Branch2][C][=C][C][=C][C][=C][Ring1][=Branch1][C],3.26,3.26
[C][=C][C][=C][Branch1][Branch1][C][=C][Ring1][=Branch1][C][=Branch1][C][=O][C][=C][C][=C][Branch1][Branch1][C][=C][Ring1][=Branch1][Cl],4.67,4.67
[C][C][N+1][Branch2][Ring1][N][C][C][N][Ring1][=Branch1][C][Branch1][=Branch2][C][=C][C][=C][C][=C][Ring1][=Branch1][C][=C][C][=C][Branch1][Branch1][C][=C][Ring1][=Branch1][Cl][Branch1][#Branch2][C][C][O][C][C][=Branch1][C][=O][O][O-1],2.98,2.98
[C][C][N][Branch1][=Branch1][C][C][N][Ring1][=Branch1][C][Branch1][=Branch2][C][=C][C][=C][C][=C][Ring1][=Branch1][C][=C][C][=C][Branch1][Branch1][C][=C][Ring1][=Branch1][Cl],4.2,4.2
[C][=C][C][=Branch2][Ring1][C][=C][C][=C][Ring1][=Branch1][C][=Branch1][C][=O][N][C][C][C][=Branch1][C][=O][O][Cl],2.98,2.98
[O][C][Branch2][Ring1][=Branch2][C][Branch1][=N][C][=C][C][=C][Branch1][Ring1][O][C][C][=C][Ring1][Branch2][C][N+1][Branch1][C][C][Branch1][C][C][O-1][C][C][C][C][C][Ring2][Ring1][Ring2],2.88,2.88
[C][=C][C][=C][Branch1][=N][C][=Branch1][Ring2][=C][Ring1][=Branch1][C][C][=Branch1][C][=O][O][N][C][=C][Branch1][O][C][=C][Branch1][=Branch1][C][=C][Ring1][=Branch1][Cl][O][Cl],5.76,5.76
[C][O][C][=C][C][=C][C][=Branch1][Ring2][=C][Ring1][=Branch1][C][Branch1][#Branch2][C][C][C][C][C][Ring1][=Branch1][C][N][O],3.31,3.31
[C][C][N+1][Branch2][Ring2][Branch1][C][C][C][C][Ring1][Branch1][C][N][C][=Branch1][C][=O][C][=C][C][=Branch1][O][=C][Branch1][#Branch1][C][=C][Ring1][=Branch1][O][C][N][S][=Branch1][C][=O][=Branch1][C][=O][C][C][O-1],3.43,3.43
[C][N][C][C][C][Branch1][=Branch2][C][=C][C][=C][C][=C][Ring1][=Branch1][C][=C][C][=C][C][=N][Ring1][=Branch1],4.16,4.16
[C][N][Branch1][C][C][N][=O],1.58,1.58
[C][C][N][Branch1][C][C][N][=O],1.98,1.98
[O][=N][N][Branch1][Ring1][C][C][C][C],2.49,2.49
[O][=N][N][C][C][C][C][C][Ring1][=Branch1],2.84,2.84
[O][=N][N][Branch1][Ring2][C][C][C][C][C][C],2.98,2.98
[O][=S][=Branch1][C][=O][Branch1][N][C][=C][C][=C][Branch1][Branch1][C][=C][Ring1][=Branch1][C][N][Branch1][Ring1][N][=O][C],3.22,3.22
[O][=N][N][Branch1][Branch1][C][C][C][C][C][C][C][C],3.79,3.79
[C][C][Branch1][#Branch2][C][C][=C][C][=C][C][=C][Ring1][=Branch1][N+1][Branch1][C][C][Branch1][Ring2][C][C][#C][O-1],2.86,2.86
[O][=C][Branch1][C][O][\C][=Branch1][Ring2][=N][\O][C][C][=C][C][=C][C][=C][Ring1][=Branch1][C][O][C][=C][C][=C][C][=C][Ring1][=Branch1][C],5.41,5.41
[C][C][Branch2][Ring1][Ring2][C][C][=C][C][=Branch1][=Branch1][=C][C][=C][Ring1][=Branch1][C][Branch1][C][F][Branch1][C][F][F][N],3.78,3.78
[C][=C][C][=C][Branch1][#C][C][=Branch1][Ring2][=C][Ring1][=Branch1][N][C][C][N][C][C][Ring1][=Branch1][Cl],3.44,3.44
[C][C][N][Branch2][Ring1][Branch2][C][Branch1][C][C][C][C][=C][C][=C][C][=Branch1][Ring2][=C][Ring1][=Branch1][C][Branch1][C][F][Branch1][C][F][F][N][=O],4.59,4.59
[C][N][C][C][N][Branch1][Branch1][C][C][Ring1][=Branch1][C][Branch1][=Branch2][C][=C][C][=C][C][=C][Ring1][=Branch1][C][=C][C][=C][Branch1][Branch1][C][=C][Ring1][=Branch1][Cl],4.41,4.41
[C][N][Branch1][C][C][C][=C][C][=C][Branch1][Branch1][C][=C][Ring1][=Branch1][Cl],3.65,3.65
[C][N][C][=C][C][=C][Branch1][Branch1][C][=C][Ring1][=Branch1][Cl],3.41,3.41
[C][C][=N][C][Branch2][Ring1][#C][N][C][=Branch1][C][=O][N][S][=Branch1][C][=O][=Branch1][C][=O][C][=C][C][Branch1][C][I][=C][C][=C][Ring1][#Branch1][C][=Branch1][C][=O][O][C][=N][C][Branch1][Ring1][O][C][=N][Ring2][Ring1][#Branch2],4.6,4.6
[O][=C][Branch1][#C][C][=C][Branch1][=Branch1][O][N][=C][Ring1][Branch1][C][C][C][Ring1][Ring1][C][=C][C][=C][Branch1][=N][C][=C][Ring1][=Branch1][S][=Branch1][C][=O][=Branch1][C][=O][C][C][Branch1][C][F][Branch1][C][F][F],6.3,6.3
[C][C][C][N][C][=Branch1][C][=O][C][=C][Branch1][#Branch2][C][=C][C][=Branch1][Ring2][=C][Ring1][=Branch1][I][N][=C][Ring1][N][O][C][C][C],5.58,5.58
[C][C][Branch2][Ring1][#Branch1][C][N][C][=C][C][=C][C][=C][Ring1][=Branch1][C][C][C][=C][C][=C][C][=C][Ring1][=Branch1][Ring1][#C][C][N+1][Branch1][C][C][Branch1][C][C][O-1],3.82,3.82
[C][N][C][C][C][C][C][C][C][Ring1][=Branch1][Branch1][=N][C][=C][C][=C][C][=Branch1][Ring2][=C][Ring1][=Branch1][O][C][O],3.43,3.43
[O][S][=Branch1][C][=O][=Branch1][C][=O][C][=C][C][=C][Branch1][#C][C][C][C][C][C][C][C][C][C][C][=Branch1][C][=O][O][C][=C][Ring2][Ring1][C],5.2,5.2
[O][S][=Branch1][C][=O][=Branch1][C][=O][C][=C][C][=C][Branch1][=N][C][C][C][C][C][C][C][C][=Branch1][C][=O][O][C][=C][Ring1][S],4.81,4.81
[C][C][=Branch1][C][=O][O][C][=C][C][=C][C][=C][Ring1][=Branch1][C][=Branch1][C][=O][O],3.99,3.99
[C][N][Branch1][N][C][C][=C][C][=C][C][=C][C][=C][Ring1][=Branch1][C][C][=C][C][=C][C][=C][C][=C][C][=C][Ring1][=Branch1][Ring1][#Branch2],5.99,5.99
[C][C][Branch1][C][C][Branch1][C][C][C][Branch2][Ring1][#Branch1][C][=Branch1][=N][=C][C][=C][C][=C][Branch1][Branch1][C][=C][Ring1][=Branch1][Cl][N][C][=N][C][=N][Ring1][Branch1][O],5.56,5.56
[C][C][C][C][N][Branch2][Ring1][Branch1][C][Ring1][Branch1][N][Branch1][=C][C][=C][Ring1][Branch2][C][=C][Branch1][Branch1][C][=C][Ring1][=Branch1][O][C][C],3.94,3.94
[C][C][C][N][C][Branch1][Ring2][C][Ring1][=Branch1][C][Branch1][=Branch2][C][=C][C][=C][C][=C][Ring1][=Branch1][C][=Branch1][C][=O][N],3.5,3.5
[C][=C][C][=Branch1][Branch2][=C][C][=C][Ring1][=Branch1][C][#N][C][Branch1][=N][C][=C][C][=C][Branch1][Branch1][C][=C][Ring1][=Branch1][C][#N][N][C][=N][C][=N][Ring1][Branch1],3.77,3.77
[C][C][Branch1][C][C][Branch1][C][C][C][#C][C][=C][C][N][Branch1][C][C][C][C][=C][C][=C][C][=C][C][=C][C][=C][Ring1][=Branch1][Ring1][#Branch2],6.41,6.41
[C][C][C][C][P][=Branch1][C][=O][Branch1][Branch1][C][C][C][C][C][C][C][C],5.09,5.09
[C][C][Branch1][C][C][Branch1][C][C][C][=N][C][=Branch1][=Branch1][=C][C][=C][Ring1][=Branch1][C][Branch1][C][C][Branch1][C][C][C],3.99,3.99
[C][C][C][C][N][C][Branch1][C][C][C],3.19,3.19
[C][C][=C][Branch2][Ring1][Ring2][C][=C][C][=Branch1][Ring2][=C][Ring1][=Branch1][O][P][=Branch1][C][=S][Branch1][Ring1][O][C][O][C][S][=Branch1][C][=O][=Branch1][C][=O][C],4.48,4.48
[C][=C][C][=C][Branch1][Branch1][C][=C][Ring1][=Branch1][N][C][=Branch1][C][=O][N][C][=C][C][=Branch1][=Branch1][=N][C][=C][Ring1][=Branch1][Cl],4.2,4.2
[C][C][C][Branch1][C][C][Branch1][Ring1][C][C][C][=N][O][C][=Branch1][Ring2][=C][Ring1][Branch1][N][C][=Branch1][C][=O][C][=C][Branch1][=Branch2][C][=C][C][=C][Ring1][=Branch1][O][C][O][C],6.18,6.18
[C][C][C][C][=Branch2][Ring1][#Branch1][=C][C][=Branch1][C][=O][C][C][Branch1][=Branch1][C][C][Ring1][#Branch1][=O][C][C][C][C][S][C][Ring1][=Branch1][N][O][C][C][Branch1][C][C][O][C][=C][C][=C][Branch1][Branch1][C][=C][Ring1][=Branch1][Cl],6.34,6.34
[C][C][N][C][Branch1][C][C][C][C][=C][C][=C][Branch1][Branch1][C][=C][Ring1][=Branch1][O][C][O][Ring1][#Branch1],3.85,3.85
[C][C][C][C][C][C][=Branch1][C][=O][N][Branch1][S][N][Branch1][Branch1][C][Ring1][=Branch1][=O][C][=C][C][=C][C][=C][Ring1][=Branch1][C][=C][C][=C][C][=C][Ring1][=Branch1],5.09,5.09
[C][N][=C][C][N][Branch2][Ring1][#Branch2][C][=Branch1][#C][=C][C][=C][Branch1][=Branch2][C][=C][C][Ring1][=Branch1][=N][Ring1][O][Cl][C][=C][C][=C][C][=C][Ring1][=Branch1][O],5.09,5.09
[C][C][N][Branch1][=Branch1][C][C][N][Ring1][=Branch1][C][=C][Branch2][Ring2][Ring2][C][=C][C][=Branch1][Ring2][=C][Ring1][=Branch1][N][Branch1][=C][C][=C][Branch1][Branch1][C][Ring1][#Branch1][=O][C][=Branch1][C][=O][O][C][=C][C][=C][Branch1][Branch1][C][=C][Ring1][=Branch1][F][F],5.31,5.31
[C][=C][C][Branch1][Branch2][C][C][C][=Branch1][C][=O][O][N],3.63,3.63
[C][C][=Branch1][C][=O][N][C][Branch1][Ring2][C][O][C][C][=Branch1][C][=O][N][C][C][=C][C][=C][C][=C][Ring1][=Branch1],3.36,3.36
[C][C][Branch1][C][C][N][C][Branch1][C][C][Branch1][C][C][C],2.39,2.39
[C][S][=Branch1][C][=O][=Branch1][C][=O][C][=C][C][=C][Branch1][Branch1][C][=C][Ring1][=Branch1][C][Branch1][S][C][Branch1][Ring1][C][O][N][C][=Branch1][C][=O][C][Branch1][C][Cl][Cl][O],3.62,3.62
[C][=C][C][=Branch1][#Branch1][=C][C][=C][Ring1][=Branch1][N][S][=Branch1][C][=O][=Branch1][C][=O][C][=C][C][=C][Branch1][Branch1][C][=C][Ring1][=Branch1][N],3.11,3.11
[C][O][C][=C][Branch2][Ring1][=Branch1][C][=C][Branch1][Branch1][C][=C][Ring1][=Branch1][C][C][=C][N][=C][Branch1][=Branch1][N][=C][Ring1][=Branch1][N][N][O][C],3.25,3.25
[C][C][C][S][P][=Branch1][C][=O][Branch1][Ring2][O][C][C][S][C][C][C],4.44,4.44
[C][C][Branch1][C][C][N][C][C][Branch1][S][C][=C][C][=Branch1][=Branch2][=C][Branch1][Branch1][C][=C][Ring1][=Branch1][N][C][#N][O],3.13,3.13
[C][=C][C][=Branch2][Ring2][Branch2][=C][C][=C][Ring1][=Branch1][C][Branch1][Ring1][C][#N][C][=C][Branch2][Ring1][Branch2][C][=C][Branch1][=Branch1][C][=C][Ring1][=Branch1][Cl][N][C][=Branch1][C][=O][N][C][=Branch1][C][=O][C][=N][Ring1][Branch2][Cl][Cl],6.31,6.31
[C][C][Branch2][Ring2][=Branch2][C][Branch2][Ring1][S][N][C][Branch1][Ring2][S][Ring1][Branch1][C][Branch1][Branch1][C][Ring1][Branch1][=O][N][C][=Branch1][C][=O][C][Branch1][=Branch2][C][=C][C][=C][C][=C][Ring1][=Branch1][N][C][=Branch1][C][=O][O][C],3.72,3.72
[C][N][C][C][N][Branch1][Branch1][C][C][Ring1][=Branch1][C][=C][Branch2][Ring2][Ring2][C][=C][C][=Branch1][Ring2][=C][Ring1][=Branch1][N][Branch1][=C][C][=C][Branch1][Branch1][C][Ring1][#Branch1][=O][C][=Branch1][C][=O][O][C][=C][C][=C][Branch1][Branch1][C][=C][Ring1][=Branch1][F][F],5.41,5.41
[C][C][C][C][=C][C][=C][C][=C][Ring1][=Branch1][N][Ring1][=Branch2][N][C][=Branch1][C][=O][C][=C][C][=Branch1][=Branch2][=C][Branch1][Branch1][C][=C][Ring1][=Branch1][Cl][S][=Branch1][C][=O][=Branch1][C][=O][N],4.43,4.43
[C][C][=C][Branch2][Ring1][#Branch2][C][=Branch1][=Branch2][=C][Branch1][Branch1][C][=C][Ring1][=Branch1][Cl][N][C][=C][C][=C][C][=C][Ring1][=Branch1][C][=Branch1][C][=O][O][Cl],6.48,6.48
[C][=C][C][=C][C][=Branch1][Ring2][=C][Ring1][=Branch1][N][=N][N][Ring1][=Branch1][Cl],3.81,3.81
[C][N][C][=Branch1][=N][=C][N][=C][Ring1][Branch1][C][O][C][=Branch1][C][=O][N][N+1][=Branch1][C][=O][O-1],4.08,4.08
[C][C][Branch2][Ring1][=C][C][O][C][Ring1][Branch1][Branch1][=Branch2][C][N][C][=N][C][=N][Ring1][Branch1][C][=C][Branch1][#Branch2][C][=C][Branch1][Branch1][C][=C][Ring1][=Branch1][Cl][Cl][Br],5.21,5.21
[C][C][O][P][=Branch1][C][=O][Branch1][#Branch1][N][C][Branch1][C][C][C][O][C][=C][C][=Branch1][S][=C][Branch1][Branch1][C][=C][Ring1][=Branch1][S][=Branch1][C][=O][=Branch1][C][=O][C][C],4.16,4.16
[C][C][=C][Branch2][Ring1][Ring2][C][=C][C][=Branch1][Ring2][=C][Ring1][=Branch1][O][P][=Branch1][C][=S][Branch1][Ring1][O][C][O][C][S][=Branch1][C][=O][C],4.12,4.12
[C][=C][C][=C][Branch2][Ring1][S][C][=Branch1][Ring2][=C][Ring1][=Branch1][C][Branch1][=Branch2][C][N][C][=N][C][=N][Ring1][Branch1][Branch1][N][C][=C][C][=C][Branch1][Branch1][C][=C][Ring1][=Branch1][F][O][F],3.69,3.69
[C][C][O][C][=Branch1][C][=O][C][C][Branch1][Branch2][C][=Branch1][C][=O][O][C][C][S][P][=Branch1][C][=O][Branch1][Ring1][O][C][O][C],3.72,3.72
[C][C][S][C][=Branch1][C][=O][N][C][C][C][C][C][C][Ring1][#Branch1],3.87,3.87
[C][=C][C][=C][C][=C][Branch1][=Branch2][C][=C][C][Ring1][=Branch1][=C][Ring1][#Branch2][O][C][C][=Branch1][C][=O][O],4.34,4.34
[C][C][=C][N][=C][C][=Branch1][Ring2][=C][Ring1][=Branch1][C][=C][C][=Branch1][=Branch2][=C][Ring1][#Branch1][C][=Branch1][C][=O][O][Cl],4.41,4.41
[C][=C][C][=Branch1][#Branch2][=C][Branch1][=Branch1][C][=C][Ring1][=Branch1][Cl][Cl][C][Branch1][=Branch2][C][N][C][=N][C][=N][Ring1][Branch1][C][O][C][Branch1][=Branch1][C][Branch1][C][F][F][Branch1][C][F][F],6.03,6.03
[C][C][Branch1][C][C][N][Branch1][=Branch1][C][Branch1][C][C][C][C][=Branch1][C][=O][S][C][C][=Branch1][=Branch1][=C][Branch1][C][Cl][Cl][Cl],5.52,5.52
[N][Branch1][Ring1][C][C][C][Branch1][=Branch1][C][C][C][Ring1][#Branch1][C][=O],3.5,3.5
[O][C][C][C][Branch1][Ring1][C][N][N][Branch1][Ring1][C][C][C][Ring1][=Branch2],1.74,1.74
[S][=Branch1][C][=O][Branch1][S][C][=C][Branch1][C][N][C][=C][Branch1][Ring1][O][C][C][=C][Ring1][=Branch2][Branch1][Ring1][C][C][=O],3.63,3.63
[S][=Branch1][C][=O][Branch2][Ring1][=Branch1][C][=C][Branch1][C][N][C][=C][Branch1][C][O][C][Branch1][=Branch1][C][Branch1][C][O][=O][=C][Ring1][O][Branch1][Ring1][C][C][=O],4.17,4.17
[S][=Branch1][C][=O][Branch2][Ring1][#Branch1][C][=C][Branch1][C][N][C][=C][Branch1][Ring1][O][C][C][Branch1][=Branch1][C][Branch1][C][N][=O][=C][Ring1][N][Branch1][Ring1][C][C][=O],3.41,3.41
[S][=Branch1][C][=O][Branch2][Ring1][#Branch1][C][=C][Branch1][C][N][C][=C][Branch1][Ring1][O][C][C][Branch1][=Branch1][C][Branch1][C][O][=O][=C][Ring1][N][Branch1][Ring1][C][C][=O],3.76,3.76
[S][=Branch1][C][=O][Branch2][Ring1][#Branch2][C][=C][Branch1][C][N][C][Branch1][C][O][=C][Branch1][Ring1][O][C][C][Branch1][=Branch1][C][Branch1][C][O][=O][=C][Ring1][=N][Branch1][Ring1][C][C][=O],4.2,4.2
[S][=Branch1][C][=O][Branch2][Ring1][=Branch2][C][=C][Branch2][Ring1][Ring1][C][=C][Branch1][=N][C][Branch1][=Branch1][C][Branch1][C][O][=O][C][Ring1][=Branch2][O][O][C][N][Branch1][Ring1][C][C][=O],3.87,3.87
[S][=Branch1][C][=O][Branch2][Ring1][=N][C][=C][Branch1][C][N][C][=C][Branch1][Ring1][O][C][C][Branch1][N][C][Branch1][Branch2][N][C][C][Branch1][C][O][=O][=O][=C][Ring1][S][Branch1][Ring1][C][C][=O],2.8,2.8
[S][=Branch1][C][=O][Branch2][Ring1][#C][C][=C][Branch1][#Branch2][N][S][=Branch1][C][=O][Branch1][C][O][=O][C][=C][Branch1][Ring1][O][C][C][Branch1][=Branch1][C][Branch1][C][O][=O][=C][Ring1][S][Branch1][Ring1][C][C][=O],3.86,3.86
[S][=Branch1][C][=O][Branch2][Ring1][S][C][=C][Branch1][C][N][C][=C][Branch1][Ring1][O][C][C][Branch1][=C][C][Branch1][#Branch2][N][C][C][N][C][C][C][Ring1][Branch1][=O][=C][Ring2][Ring1][C][Branch1][Ring1][C][C][=O],3.93,3.93
[S][=Branch1][C][=O][Branch2][Ring2][Ring2][C][=C][Branch1][C][N][C][=C][Branch1][C][O][C][Branch2][Ring1][C][C][Branch1][=C][N][C][C][N][Branch1][Ring1][C][C][C][C][C][Ring1][#Branch1][=O][=C][Ring2][Ring1][Ring1][Branch1][Ring1][C][C][=O],4.73,4.73
